order_id,product_width_cm,product_depth_cm,pallet_width_cm,pallet_depth_cm,company,ship_date,created_at
ORD-F8F3507E,140,140,80,100,Bosphorus Logistics,2026-05-02,2026-04-04T09:27:08.925321
ORD-7D8C2823,200,60,100,100,Güneş Lojistik,2026-05-01,2026-04-04T20:53:39.303300
ORD-DD81C261,200,120,80,100,Marmara Tedarik A.Ş.,2026-05-03,2026-04-05T20:37:15.211118
ORD-3343DD5C,200,140,80,120,Ege Depo Sistemleri,2026-05-01,2026-04-06T07:54:30.389227
ORD-BFD1E797,160,140,80,100,Kartal Ticaret Merkezi,2026-05-04,2026-04-06T10:30:58.511833
ORD-21B56C3A,140,160,100,100,Bursa Sanayi Deposu,2026-05-04,2026-04-06T15:13:33.636408
ORD-8FD6B425,120,60,100,120,Güneş Lojistik,2026-05-05,2026-04-07T06:48:33.107500
ORD-F4913418,60,140,100,120,Atlas Kargo ve Depo,2026-05-06,2026-04-07T12:00:31.872944
ORD-C6BBD2FC,160,140,100,120,Marmara Tedarik A.Ş.,2026-05-02,2026-04-07T13:03:43.870145
ORD-7FCCC8ED,80,160,100,100,Atlas Kargo ve Depo,2026-05-07,2026-04-07T20:51:29.882478
ORD-306F9761,160,60,80,120,İstanbul Kargo Ltd.,2026-05-06,2026-04-08T08:17:06.575134
ORD-7BB7B528,60,140,100,100,İstanbul Kargo Ltd.,2026-05-05,2026-04-08T08:52:42.050871
ORD-529CA5C0,100,120,80,120,Atlas Kargo ve Depo,2026-05-09,2026-04-09T08:08:09.107220
ORD-FF2EE58F,160,80,100,120,Ege Depo Sistemleri,2026-05-04,2026-04-09T16:56:26.431228
ORD-A3ABC1F7,180,140,100,100,Türkiye Genel Dağıtım,2026-05-05,2026-04-09T17:44:57.851755
ORD-704F7AED,60,80,80,120,Kartal Ticaret Merkezi,2026-05-07,2026-04-10T06:08:06.338542
ORD-A461B7E7,60,80,100,120,Ankara Toptancılık,2026-05-04,2026-04-10T13:31:24.066052
ORD-9E145057,180,100,100,100,Güneş Lojistik,2026-05-03,2026-04-10T21:37:01.331889
ORD-C2A33DBC,60,100,120,120,Türkiye Genel Dağıtım,2026-05-11,2026-04-11T10:40:01.669396
ORD-C0365D90,60,120,120,120,Anadolu Lojistik A.Ş.,2026-05-05,2026-04-11T10:58:26.048758
ORD-6C71E908,140,120,100,120,Bursa Sanayi Deposu,2026-05-01,2026-04-11T17:15:36.436802
ORD-D92B1AC6,120,140,100,100,Uludağ Tedarik A.Ş.,2026-05-08,2026-04-11T18:52:33.438967
ORD-8805D2A1,140,160,120,120,Fırat Kargo Ltd.,2026-05-04,2026-04-11T21:27:45.801494
ORD-3422A1A2,120,160,100,120,Boğaziçi Ticaret Ltd.,2026-05-06,2026-04-12T08:43:25.139420
ORD-20BDE92E,160,100,100,100,Delta Tedarik Zinciri,2026-05-11,2026-04-12T17:04:11.141498
ORD-12E20752,100,160,80,120,İzmir Lojistik Merkezi,2026-05-02,2026-04-12T17:30:37.001055
ORD-D6827F19,120,60,120,120,Anadolu Lojistik A.Ş.,2026-05-08,2026-04-12T18:32:18.659104
ORD-73E4CAEE,80,140,120,120,Sakarya Dağıtım A.Ş.,2026-05-02,2026-04-12T22:25:54.133751
ORD-0C9C1162,100,80,100,120,Ankara Toptancılık,2026-05-04,2026-04-13T21:46:07.347907
ORD-F237184D,180,140,80,100,Akdeniz Ticaret A.Ş.,2026-05-11,2026-04-13T22:11:25.859860
ORD-5E4F6D7B,120,160,120,120,Boğaziçi Ticaret Ltd.,2026-05-09,2026-04-14T07:48:01.995740
ORD-D5CA6368,140,160,80,100,Tuna Depolama Hizmetleri,2026-05-12,2026-04-14T11:45:01.599780
ORD-0AC17E2A,200,100,100,120,Merkez Lojistik Ltd.,2026-05-14,2026-04-14T14:29:17.207388
ORD-4EC4D275,60,100,80,100,Uludağ Tedarik A.Ş.,2026-05-11,2026-04-14T21:30:47.433021
ORD-E2E8A1BE,80,100,80,100,Delta Tedarik Zinciri,2026-05-10,2026-04-15T09:32:49.817376
ORD-9A575754,140,140,100,100,İzmir Lojistik Merkezi,2026-05-02,2026-04-15T12:05:15.755053
ORD-7235B799,120,160,80,100,Boğaziçi Ticaret Ltd.,2026-05-15,2026-04-15T15:00:57.252064
ORD-AB3D4841,120,80,100,100,Fırat Kargo Ltd.,2026-05-07,2026-04-15T22:14:40.244146
ORD-FBB5272D,140,140,80,100,Ege Depo Sistemleri,2026-05-01,2026-04-16T10:40:28.669952
ORD-DC652074,180,160,80,100,Güneş Lojistik,2026-05-05,2026-04-16T12:21:46.748021
ORD-A84A167F,100,140,120,120,Fırat Kargo Ltd.,2026-05-14,2026-04-16T15:53:40.532323
ORD-1435A171,60,140,80,120,İzmir Lojistik Merkezi,2026-05-08,2026-04-16T17:06:10.001812
ORD-AF24CBEE,160,160,100,120,Kartal Ticaret Merkezi,2026-05-13,2026-04-16T17:32:12.513406
ORD-75299D38,160,60,100,100,Güneş Lojistik,2026-05-05,2026-04-16T21:45:23.118661
ORD-FA781359,120,60,100,100,Bursa Sanayi Deposu,2026-05-10,2026-04-17T07:14:04.949401
ORD-D7481BFD,180,120,80,100,Bursa Sanayi Deposu,2026-05-08,2026-04-17T09:55:49.293814
ORD-8B098D2F,80,140,100,120,Karadeniz Dağıtım,2026-05-09,2026-04-17T13:25:07.987335
ORD-8F135265,200,80,100,120,Türkiye Genel Dağıtım,2026-05-09,2026-04-17T14:41:39.386903
ORD-C12D5682,100,140,80,100,Kartal Ticaret Merkezi,2026-05-15,2026-04-17T15:45:54.329776
ORD-AC044674,80,100,100,100,Boğaziçi Ticaret Ltd.,2026-05-05,2026-04-17T18:15:11.088129
ORD-25735450,140,80,80,120,Yıldız Dağıtım A.Ş.,2026-05-15,2026-04-17T20:29:26.179517
ORD-CB8156C6,100,140,80,120,Türkiye Genel Dağıtım,2026-05-08,2026-04-17T22:18:26.421530
ORD-AF9590BC,160,140,120,120,Karadeniz Dağıtım,2026-05-09,2026-04-18T07:33:13.379687
ORD-EFE1AFCE,60,60,100,120,Delta Tedarik Zinciri,2026-05-12,2026-04-18T13:29:55.929499
ORD-B46A5A79,120,160,120,120,Merkez Lojistik Ltd.,2026-05-09,2026-04-18T20:58:44.316869
ORD-5164EDA9,120,160,100,100,İzmir Lojistik Merkezi,2026-05-07,2026-04-18T21:10:33.659580
ORD-5B27F8F2,80,80,80,120,Akdeniz Ticaret A.Ş.,2026-05-17,2026-04-19T10:44:14.322361
ORD-F8413320,140,60,100,120,Merkez Lojistik Ltd.,2026-05-07,2026-04-19T15:44:08.668854
ORD-36570D6C,180,120,80,120,Sakarya Dağıtım A.Ş.,2026-05-01,2026-04-19T15:48:24.894905
ORD-CCF3CA63,120,100,80,120,Konya Toptancı Merkezi,2026-05-18,2026-04-19T18:07:46.775584
ORD-4911DEF8,100,140,100,120,Delta Tedarik Zinciri,2026-05-05,2026-04-19T21:06:07.239751
ORD-01241DE6,180,100,80,100,Çelik Ambalaj A.Ş.,2026-05-03,2026-04-20T09:34:00.672580
ORD-E99EBE22,60,140,80,120,Çelik Ambalaj A.Ş.,2026-05-16,2026-04-20T15:59:18.113010
ORD-8B40EF71,80,140,100,100,Delta Tedarik Zinciri,2026-05-02,2026-04-20T16:08:24.902628
ORD-2F7C00F7,80,140,100,100,Tuna Depolama Hizmetleri,2026-05-12,2026-04-20T16:58:33.590344
ORD-8F443D0D,100,60,120,120,Sakarya Dağıtım A.Ş.,2026-05-05,2026-04-20T17:09:08.277860
ORD-E4E15B21,80,120,80,120,Yıldız Dağıtım A.Ş.,2026-05-06,2026-04-20T17:25:34.112083
ORD-CE257D45,100,80,80,120,Uludağ Tedarik A.Ş.,2026-05-05,2026-04-20T18:45:55.547718
ORD-5FA60CA2,120,60,100,120,Yıldız Dağıtım A.Ş.,2026-05-03,2026-04-20T21:09:17.353700
ORD-E89E3858,160,140,120,120,İzmir Lojistik Merkezi,2026-05-18,2026-04-21T11:02:27.514335
ORD-41ACCE3E,60,60,120,120,İstanbul Kargo Ltd.,2026-05-19,2026-04-21T14:37:22.369311
ORD-B39B9769,200,140,80,100,Merkez Lojistik Ltd.,2026-05-02,2026-04-21T16:20:22.862588
ORD-26176F05,120,100,80,100,Çelik Ambalaj A.Ş.,2026-05-13,2026-04-21T17:34:57.676149
ORD-6B84CB99,160,160,80,120,Ankara Toptancılık,2026-05-08,2026-04-21T17:56:03.116356
ORD-203D68BF,180,120,120,120,Bursa Sanayi Deposu,2026-05-08,2026-04-21T19:41:03.319071
ORD-84FD39ED,60,100,80,120,Kartal Ticaret Merkezi,2026-05-01,2026-04-21T20:24:46.595707
ORD-F6FF2403,160,120,80,100,Atlas Kargo ve Depo,2026-05-11,2026-04-22T09:32:08.668169
ORD-2D3B1618,80,140,100,100,Boğaziçi Ticaret Ltd.,2026-05-01,2026-04-22T11:47:14.717237
ORD-7FC3C95B,100,140,80,100,Bosphorus Logistics,2026-05-18,2026-04-22T12:52:13.844565
ORD-D32F03B3,120,80,80,100,Bursa Sanayi Deposu,2026-05-02,2026-04-22T13:01:54.641959
ORD-3E940E88,180,160,80,100,Bursa Sanayi Deposu,2026-05-02,2026-04-22T14:13:09.310486
ORD-B3B37F1F,80,120,100,100,Fırat Kargo Ltd.,2026-05-06,2026-04-22T14:35:16.136384
ORD-0E8BBA51,160,160,120,120,Tuna Depolama Hizmetleri,2026-05-16,2026-04-22T15:32:19.699287
ORD-89D3CC94,140,80,100,120,Marmara Tedarik A.Ş.,2026-05-15,2026-04-23T06:08:00.375644
ORD-43D97BCF,100,80,80,120,Ege Depo Sistemleri,2026-05-17,2026-04-23T06:28:31.384487
ORD-7B9D781F,120,160,100,120,İzmir Lojistik Merkezi,2026-05-16,2026-04-23T08:12:11.889838
ORD-528E79FE,180,120,100,100,Çelik Ambalaj A.Ş.,2026-05-15,2026-04-23T08:21:15.383457
ORD-A5B07D94,160,60,100,120,İstanbul Kargo Ltd.,2026-05-15,2026-04-23T08:26:33.560226
ORD-B1BB2F8C,100,100,120,120,Fırat Kargo Ltd.,2026-05-17,2026-04-23T14:46:56.123791
ORD-948D2853,60,80,100,120,Türkiye Genel Dağıtım,2026-05-12,2026-04-23T14:51:31.130614
ORD-DCE787B6,140,140,80,120,Merkez Lojistik Ltd.,2026-05-16,2026-04-23T22:31:11.946090
ORD-512A9DC2,120,100,80,100,Kartal Ticaret Merkezi,2026-05-07,2026-04-24T15:24:57.547093
ORD-6705AB8C,120,140,120,120,Marmara Tedarik A.Ş.,2026-05-15,2026-04-24T21:47:48.608299
ORD-E5B7183F,140,80,80,100,Marmara Tedarik A.Ş.,2026-05-22,2026-04-25T06:38:06.185846
ORD-4FD7999D,60,140,80,100,Tuna Depolama Hizmetleri,2026-05-14,2026-04-25T09:36:06.123179
ORD-F41031B6,200,80,100,120,Selçuk Dağıtım Ltd.,2026-05-19,2026-04-25T09:55:23.340904
ORD-CDE331CE,100,80,100,100,Güneş Lojistik,2026-05-21,2026-04-25T11:56:26.025990
ORD-587ED753,60,60,100,120,Atlas Kargo ve Depo,2026-05-19,2026-04-25T14:03:01.534256
ORD-878F066F,160,100,120,120,Ege Depo Sistemleri,2026-05-09,2026-04-25T15:14:44.088553
ORD-CACE186B,140,80,100,100,Marmara Tedarik A.Ş.,2026-05-12,2026-04-25T15:33:21.793820
ORD-EC9F0BD1,100,100,80,100,Marmara Tedarik A.Ş.,2026-05-06,2026-04-25T17:38:41.933677
ORD-CD063A5A,60,160,100,120,Akdeniz Ticaret A.Ş.,2026-05-11,2026-04-25T18:19:26.830570
ORD-E6F6B652,100,140,80,120,Bursa Sanayi Deposu,2026-05-16,2026-04-25T18:53:48.657790
ORD-9A211B6B,120,120,100,100,Karadeniz Dağıtım,2026-05-22,2026-04-25T19:16:44.316900
ORD-914FB8CD,160,160,100,120,Karadeniz Dağıtım,2026-05-10,2026-04-25T20:43:33.361249
ORD-0083F50E,100,80,120,120,Sakarya Dağıtım A.Ş.,2026-05-05,2026-04-25T21:44:53.145534
ORD-8588753B,120,120,80,100,Yıldız Dağıtım A.Ş.,2026-05-06,2026-04-25T21:45:58.850823
ORD-707F4C3C,180,100,120,120,Merkez Lojistik Ltd.,2026-05-23,2026-04-25T21:54:05.349976
ORD-5549EA9A,160,100,80,100,Boğaziçi Ticaret Ltd.,2026-05-04,2026-04-25T21:55:51.402396
ORD-1EA8ED71,160,120,100,100,Türkiye Genel Dağıtım,2026-05-23,2026-04-26T06:07:29.388477
ORD-AB96ECFB,180,80,80,100,Atlas Kargo ve Depo,2026-05-24,2026-04-26T06:08:46.246024
ORD-BEE2433C,80,140,80,100,Delta Tedarik Zinciri,2026-05-07,2026-04-26T08:12:30.122060
ORD-0E33E319,200,60,100,100,Boğaziçi Ticaret Ltd.,2026-05-07,2026-04-26T08:19:00.373973
ORD-B41E5D48,160,60,80,120,İstanbul Kargo Ltd.,2026-05-26,2026-04-26T08:28:32.026146
ORD-DDD1C3C7,120,120,80,120,Fırat Kargo Ltd.,2026-05-13,2026-04-26T12:30:24.714544
ORD-37BA0226,80,80,100,120,Kartal Ticaret Merkezi,2026-05-10,2026-04-26T13:29:58.676456
ORD-15B60638,80,120,80,100,Marmara Tedarik A.Ş.,2026-05-01,2026-04-26T14:14:30.414563
ORD-3AA3B526,100,60,120,120,Yıldız Dağıtım A.Ş.,2026-05-06,2026-04-26T15:29:46.545561
ORD-8480081E,60,80,100,120,Güneş Lojistik,2026-05-04,2026-04-26T19:24:09.370472
ORD-513A19C2,160,160,100,100,Konya Toptancı Merkezi,2026-05-23,2026-04-26T20:44:30.662423
ORD-1AA08910,120,140,80,120,Sakarya Dağıtım A.Ş.,2026-05-17,2026-04-26T22:16:22.441457
ORD-C982AE91,100,60,80,100,Türkiye Genel Dağıtım,2026-05-03,2026-04-26T22:55:58.528859
ORD-03393BF5,120,120,80,100,Fırat Kargo Ltd.,2026-05-24,2026-04-27T06:23:00.077312
ORD-4E552BDB,120,80,80,120,Türkiye Genel Dağıtım,2026-05-02,2026-04-27T07:53:50.249382
ORD-A20E44AF,140,60,100,120,Bosphorus Logistics,2026-05-21,2026-04-27T08:19:05.414507
ORD-872BA4AA,100,120,100,100,İzmir Lojistik Merkezi,2026-05-14,2026-04-27T09:18:07.822880
ORD-D3E58156,140,60,80,100,Kartal Ticaret Merkezi,2026-05-27,2026-04-27T10:53:33.241734
ORD-CB80E30C,160,120,80,120,Yıldız Dağıtım A.Ş.,2026-05-15,2026-04-27T10:53:38.549317
ORD-608CC79A,80,140,80,120,Fırat Kargo Ltd.,2026-05-15,2026-04-27T11:51:32.887409
ORD-CFC9D188,120,100,80,120,İstanbul Kargo Ltd.,2026-05-21,2026-04-27T15:45:28.798977
ORD-1C7E4A65,100,120,120,120,Türkiye Genel Dağıtım,2026-05-06,2026-04-27T20:29:16.237232
ORD-6C8F66CE,100,80,100,120,Yıldız Dağıtım A.Ş.,2026-05-23,2026-04-28T07:26:19.324553
ORD-78DE75AB,200,60,100,120,Karadeniz Dağıtım,2026-05-11,2026-04-28T11:18:04.114677
ORD-04F396D2,140,80,100,100,Merkez Lojistik Ltd.,2026-05-01,2026-04-28T11:54:02.278404
ORD-164B1CA8,200,160,80,100,Anadolu Lojistik A.Ş.,2026-05-08,2026-04-28T18:53:52.760375
ORD-CE179046,180,60,80,100,Bursa Sanayi Deposu,2026-05-26,2026-04-28T21:07:22.832308
ORD-ADC92872,200,100,100,120,Yıldız Dağıtım A.Ş.,2026-05-06,2026-04-28T21:14:04.277198
ORD-BE6A4F0C,200,60,80,100,İstanbul Kargo Ltd.,2026-05-26,2026-04-28T22:18:12.035241
ORD-6917401B,60,120,80,100,Uludağ Tedarik A.Ş.,2026-05-20,2026-04-29T06:59:02.696889
ORD-37B7BD95,160,80,80,100,Akdeniz Ticaret A.Ş.,2026-05-14,2026-04-29T07:31:14.964641
ORD-9975FCCF,100,60,100,120,Atlas Kargo ve Depo,2026-05-08,2026-04-29T07:59:07.907281
ORD-49E57A8E,200,100,100,100,Marmara Tedarik A.Ş.,2026-05-25,2026-04-29T09:21:10.766634
ORD-A646D0F6,80,120,80,100,İstanbul Kargo Ltd.,2026-05-11,2026-04-29T09:41:55.424121
ORD-05485B44,100,120,80,120,Atlas Kargo ve Depo,2026-05-08,2026-04-29T10:44:55.139136
ORD-F9F720D3,80,60,100,120,Konya Toptancı Merkezi,2026-05-07,2026-04-29T10:55:53.859972
ORD-451758D0,60,60,100,100,Türkiye Genel Dağıtım,2026-05-25,2026-04-29T12:30:13.911709
ORD-8227E579,200,60,100,100,Fırat Kargo Ltd.,2026-05-10,2026-04-29T17:02:09.638953
ORD-9AD7B865,180,120,120,120,Karadeniz Dağıtım,2026-05-15,2026-04-29T17:28:44.457420
ORD-58CF54E1,200,160,120,120,Türkiye Genel Dağıtım,2026-05-24,2026-04-29T18:12:16.897555
ORD-5827AE5F,140,80,100,120,Ankara Toptancılık,2026-05-29,2026-04-30T14:46:11.356324
ORD-C3858149,160,80,100,120,Yıldız Dağıtım A.Ş.,2026-05-25,2026-04-30T18:50:10.893761
ORD-10935593,140,80,100,120,Atlas Kargo ve Depo,2026-05-03,2026-04-30T20:43:42.091621
ORD-C3954966,160,120,80,120,Konya Toptancı Merkezi,2026-05-26,2026-05-01T06:13:27.812721
ORD-54DAC214,180,140,100,120,Fırat Kargo Ltd.,2026-05-11,2026-05-01T13:02:30.978253
ORD-9D2564A9,60,80,80,120,Ankara Toptancılık,2026-05-22,2026-05-01T15:05:30.884756
ORD-06B1C08E,200,160,80,100,Güneş Lojistik,2026-05-26,2026-05-01T15:20:18.677273
ORD-B14AC7F2,160,120,120,120,Kartal Ticaret Merkezi,2026-05-24,2026-05-01T16:50:55.925267
ORD-89287FBE,200,60,100,120,Ege Depo Sistemleri,2026-05-06,2026-05-01T18:30:24.500044
ORD-FCA490F3,140,60,100,100,Tuna Depolama Hizmetleri,2026-05-31,2026-05-01T18:35:46.344548
ORD-E1F3AC1D,60,120,80,120,Selçuk Dağıtım Ltd.,2026-05-07,2026-05-01T19:52:46.414186
ORD-514750BA,120,140,80,120,Fırat Kargo Ltd.,2026-05-19,2026-05-01T21:08:14.938530
ORD-B592FDCF,100,120,120,120,Merkez Lojistik Ltd.,2026-05-05,2026-05-02T07:14:38.229437
ORD-1D9CB8F6,160,140,120,120,Merkez Lojistik Ltd.,2026-05-25,2026-05-02T08:02:42.238968
ORD-72AEECBA,120,80,120,120,Akdeniz Ticaret A.Ş.,2026-05-18,2026-05-02T10:29:47.635163
ORD-1A68CD9A,180,80,80,100,Çelik Ambalaj A.Ş.,2026-05-19,2026-05-02T10:31:45.479946
ORD-F18BC960,100,80,80,120,Anadolu Lojistik A.Ş.,2026-05-11,2026-05-02T10:40:38.014152
ORD-F2D215F5,200,100,80,120,Boğaziçi Ticaret Ltd.,2026-05-27,2026-05-02T11:36:48.166131
ORD-440280E9,140,160,120,120,Sakarya Dağıtım A.Ş.,2026-05-21,2026-05-02T15:30:45.461229
ORD-6611C413,160,60,100,100,Kartal Ticaret Merkezi,2026-05-29,2026-05-02T15:59:53.263592
ORD-6D1497D6,120,120,100,120,Boğaziçi Ticaret Ltd.,2026-05-24,2026-05-02T19:34:03.692482
ORD-F7D93597,60,160,100,100,Çelik Ambalaj A.Ş.,2026-05-12,2026-05-02T20:22:44.883571
ORD-D81DD4C4,180,60,100,120,Atlas Kargo ve Depo,2026-05-29,2026-05-02T20:56:22.975670
ORD-A90CF8A1,140,60,80,120,Tuna Depolama Hizmetleri,2026-05-26,2026-05-02T21:21:22.134443
ORD-CA7FCF05,180,60,80,120,Selçuk Dağıtım Ltd.,2026-05-28,2026-05-02T22:29:43.912470
ORD-6E5C2FB8,80,120,80,120,Konya Toptancı Merkezi,2026-05-30,2026-05-03T08:21:38.806360
ORD-D2CA3119,120,100,80,120,Selçuk Dağıtım Ltd.,2026-05-21,2026-05-03T09:04:13.626116
ORD-5A9411FA,140,80,120,120,İzmir Lojistik Merkezi,2026-05-20,2026-05-03T13:57:03.844554
ORD-5967FC4F,200,160,100,120,Delta Tedarik Zinciri,2026-05-20,2026-05-03T15:39:35.696590
ORD-28A9EC7D,160,80,120,120,Yıldız Dağıtım A.Ş.,2026-05-12,2026-05-03T20:15:48.487282
ORD-E2B16A3B,120,120,120,120,Türkiye Genel Dağıtım,2026-05-26,2026-05-03T21:38:45.195103
ORD-BA33E5D9,60,80,100,100,Ege Depo Sistemleri,2026-05-29,2026-05-03T22:02:25.072274
ORD-3D3BCB82,120,60,100,120,Yıldız Dağıtım A.Ş.,2026-05-17,2026-05-04T07:17:12.974230
ORD-1FB21BE8,140,120,100,100,Yıldız Dağıtım A.Ş.,2026-05-12,2026-05-04T09:49:51.328634
ORD-C355F7B7,60,140,80,100,İzmir Lojistik Merkezi,2026-05-20,2026-05-04T10:40:13.335740
ORD-5241C00C,100,100,100,100,Delta Tedarik Zinciri,2026-05-12,2026-05-04T11:31:05.719265
ORD-5EDCD171,180,140,120,120,İzmir Lojistik Merkezi,2026-05-27,2026-05-04T12:39:03.114611
ORD-ACEDE02C,100,100,80,120,Bursa Sanayi Deposu,2026-05-09,2026-05-04T13:49:05.905645
ORD-2BD137BF,180,60,80,120,Konya Toptancı Merkezi,2026-05-16,2026-05-04T15:02:33.160751
ORD-B4319572,80,120,80,120,Delta Tedarik Zinciri,2026-05-07,2026-05-04T19:25:11.738908
ORD-B8B357AB,60,120,120,120,Marmara Tedarik A.Ş.,2026-05-14,2026-05-04T19:58:05.121707
ORD-6B5B4413,100,80,100,100,Ege Depo Sistemleri,2026-05-28,2026-05-04T21:17:46.618226
ORD-CBAB9338,140,160,120,120,Bursa Sanayi Deposu,2026-05-27,2026-05-04T21:20:30.365746
ORD-706D363E,60,120,100,100,Marmara Tedarik A.Ş.,2026-05-06,2026-05-04T21:46:49.528709
ORD-1A35A6D8,60,160,80,120,Kartal Ticaret Merkezi,2026-05-21,2026-05-04T21:54:31.911648
ORD-3723EC0A,120,80,80,120,Kartal Ticaret Merkezi,2026-05-09,2026-05-05T07:28:38.704667
ORD-E15EBBAC,120,100,100,120,Güneş Lojistik,2026-05-15,2026-05-05T08:07:05.356765
ORD-42616717,200,60,100,100,Bosphorus Logistics,2026-05-11,2026-05-05T09:58:59.416226
ORD-A9D5A032,100,160,80,120,Yıldız Dağıtım A.Ş.,2026-05-20,2026-05-05T15:24:39.606005
ORD-3465277F,180,120,120,120,Akdeniz Ticaret A.Ş.,2026-05-31,2026-05-05T15:42:20.220774
ORD-7197FDAE,180,60,100,100,Güneş Lojistik,2026-05-11,2026-05-05T16:14:20.332270
ORD-263F509B,120,160,120,120,Güneş Lojistik,2026-05-12,2026-05-05T18:40:06.287230
ORD-CC6572BB,140,140,120,120,Güneş Lojistik,2026-05-26,2026-05-05T18:42:53.630794
ORD-E1026526,140,100,120,120,Tuna Depolama Hizmetleri,2026-05-14,2026-05-05T21:42:23.978197
ORD-E8CBDF12,180,160,100,100,Güneş Lojistik,2026-05-11,2026-05-06T06:21:59.741935
ORD-557B01A0,100,80,100,120,İzmir Lojistik Merkezi,2026-05-30,2026-05-06T07:46:11.205369
ORD-5AFC684B,180,60,100,100,Ankara Toptancılık,2026-05-17,2026-05-06T07:54:59.744056
ORD-D26202D6,120,60,100,120,Karadeniz Dağıtım,2026-05-20,2026-05-06T09:27:14.733675
ORD-F15AFB54,140,60,80,120,Bosphorus Logistics,2026-05-16,2026-05-06T10:16:29.975307
ORD-8DC8BFDB,180,120,80,120,Sakarya Dağıtım A.Ş.,2026-05-10,2026-05-06T10:59:01.502811
ORD-AFD5B049,200,160,120,120,Marmara Tedarik A.Ş.,2026-05-18,2026-05-06T11:03:17.378707
ORD-C6BE5860,180,60,100,100,Güneş Lojistik,2026-05-09,2026-05-06T14:56:42.375015
ORD-B06B40B8,120,140,80,100,Merkez Lojistik Ltd.,2026-05-24,2026-05-06T17:20:46.491147
ORD-69439FAC,180,120,80,100,Boğaziçi Ticaret Ltd.,2026-05-20,2026-05-06T21:01:21.983138
ORD-A8691E8F,140,100,100,120,Çelik Ambalaj A.Ş.,2026-06-03,2026-05-06T21:08:14.660957
ORD-51D6F67D,100,140,120,120,Anadolu Lojistik A.Ş.,2026-05-17,2026-05-07T06:31:51.690852
ORD-9135BBCB,60,160,80,100,Ankara Toptancılık,2026-05-20,2026-05-07T08:04:59.235490
ORD-D5757ABE,200,160,80,100,Tuna Depolama Hizmetleri,2026-06-01,2026-05-07T09:24:08.333821
ORD-A5F92DCC,160,60,100,120,Yıldız Dağıtım A.Ş.,2026-05-16,2026-05-07T10:48:26.176214
ORD-B08C8874,160,140,100,120,Bosphorus Logistics,2026-05-11,2026-05-07T11:49:34.559106
ORD-4C164A7A,180,140,100,120,Boğaziçi Ticaret Ltd.,2026-05-08,2026-05-07T12:19:13.804624
ORD-09149735,80,60,100,100,Bursa Sanayi Deposu,2026-06-02,2026-05-07T13:02:30.722465
ORD-8F0251DE,120,100,100,120,Tuna Depolama Hizmetleri,2026-05-21,2026-05-07T14:14:59.964562
ORD-520861F8,100,100,100,120,Akdeniz Ticaret A.Ş.,2026-05-12,2026-05-07T15:26:43.177409
ORD-F726BB4B,120,80,100,100,Selçuk Dağıtım Ltd.,2026-05-27,2026-05-07T15:43:22.965939
ORD-D1E1E215,100,60,80,120,Bosphorus Logistics,2026-05-28,2026-05-07T17:29:05.919809
ORD-44D134C9,80,140,80,100,Ankara Toptancılık,2026-05-29,2026-05-08T10:58:17.866785
ORD-12142B86,180,120,100,100,Marmara Tedarik A.Ş.,2026-05-24,2026-05-08T11:35:10.513426
ORD-73C3DFE3,100,140,100,100,Güneş Lojistik,2026-06-03,2026-05-08T15:21:20.123694
ORD-97DBB88F,180,100,100,100,Delta Tedarik Zinciri,2026-05-23,2026-05-08T16:34:22.708699
ORD-0141CDD0,180,60,80,100,Merkez Lojistik Ltd.,2026-05-25,2026-05-08T17:39:48.522707
ORD-357616A5,80,60,80,100,Marmara Tedarik A.Ş.,2026-05-11,2026-05-08T19:06:47.774683
ORD-44D17F65,160,60,80,100,Merkez Lojistik Ltd.,2026-05-23,2026-05-08T19:23:11.579604
ORD-20055951,120,80,100,100,Uludağ Tedarik A.Ş.,2026-05-19,2026-05-08T22:17:33.409668
ORD-A7895167,60,160,80,120,Tuna Depolama Hizmetleri,2026-06-01,2026-05-09T06:09:54.110412
ORD-FAE6F1EB,60,80,80,100,Güneş Lojistik,2026-06-02,2026-05-09T08:53:58.454489
ORD-45600854,200,140,100,100,Türkiye Genel Dağıtım,2026-06-05,2026-05-09T09:08:06.413037
ORD-53AD67B6,80,120,80,100,Marmara Tedarik A.Ş.,2026-05-24,2026-05-09T11:52:55.184665
ORD-2894C660,200,60,100,100,Uludağ Tedarik A.Ş.,2026-05-11,2026-05-09T14:53:41.112248
ORD-D56A6C85,60,80,100,100,Anadolu Lojistik A.Ş.,2026-05-20,2026-05-09T18:24:13.994776
ORD-B6E3D4DA,140,140,100,100,İstanbul Kargo Ltd.,2026-05-26,2026-05-09T20:17:12.007804
ORD-ADBC8D3C,200,60,100,120,Fırat Kargo Ltd.,2026-05-23,2026-05-09T21:08:57.890649
ORD-16F9ACEE,80,120,100,120,Anadolu Lojistik A.Ş.,2026-06-03,2026-05-09T21:47:06.132537
ORD-A85083CC,80,120,120,120,Türkiye Genel Dağıtım,2026-05-18,2026-05-09T21:49:14.954293
ORD-2EAF22CD,180,140,100,100,Sakarya Dağıtım A.Ş.,2026-05-24,2026-05-09T22:27:35.859907
ORD-B87E01D9,60,120,100,120,Uludağ Tedarik A.Ş.,2026-05-11,2026-05-10T06:11:59.093471
ORD-95EF5E53,120,80,80,120,Türkiye Genel Dağıtım,2026-05-17,2026-05-10T06:37:32.177193
ORD-0603B298,140,120,80,120,İzmir Lojistik Merkezi,2026-05-20,2026-05-10T10:54:27.292042
ORD-6C64073A,200,120,120,120,Boğaziçi Ticaret Ltd.,2026-05-29,2026-05-10T11:34:13.817419
ORD-71CC71A4,80,100,120,120,Karadeniz Dağıtım,2026-05-23,2026-05-10T12:34:16.760548
ORD-F5BDE9D5,160,100,120,120,Ege Depo Sistemleri,2026-05-16,2026-05-10T12:37:51.082668
ORD-C5B8A612,80,160,100,100,İzmir Lojistik Merkezi,2026-05-22,2026-05-10T19:42:21.148845
ORD-7B37B321,200,120,100,120,Anadolu Lojistik A.Ş.,2026-06-01,2026-05-10T20:15:50.185469
ORD-59F5FE53,180,120,80,120,Bosphorus Logistics,2026-05-20,2026-05-10T22:04:14.192899
ORD-4597A10C,60,60,100,100,Anadolu Lojistik A.Ş.,2026-05-28,2026-05-11T06:24:38.545337
ORD-AC38E7B1,120,160,100,100,Bosphorus Logistics,2026-05-21,2026-05-11T06:35:26.097736
ORD-78BBE612,80,80,100,120,Anadolu Lojistik A.Ş.,2026-05-26,2026-05-11T09:02:56.444787
ORD-5FB647C3,100,80,100,100,Marmara Tedarik A.Ş.,2026-06-05,2026-05-11T09:55:16.735005
ORD-F5AB6420,120,60,80,120,Ege Depo Sistemleri,2026-05-27,2026-05-11T10:41:15.456957
ORD-547FE636,120,140,120,120,Bursa Sanayi Deposu,2026-05-22,2026-05-11T11:38:20.622273
ORD-88E9BCED,160,80,100,100,Ege Depo Sistemleri,2026-06-04,2026-05-11T12:59:47.417302
ORD-4D0668BC,200,100,100,100,Kartal Ticaret Merkezi,2026-05-14,2026-05-11T13:10:20.757962
ORD-703190BF,120,80,80,120,Güneş Lojistik,2026-05-22,2026-05-11T15:04:40.655669
ORD-5E9BEAC1,160,60,80,120,Anadolu Lojistik A.Ş.,2026-06-10,2026-05-11T17:12:47.157918
ORD-2B4D78BD,80,60,120,120,Merkez Lojistik Ltd.,2026-05-22,2026-05-11T18:11:22.845241
ORD-0C2B112C,160,80,100,120,Karadeniz Dağıtım,2026-06-02,2026-05-11T18:18:34.300353
ORD-7F9C62D1,100,60,80,100,Bursa Sanayi Deposu,2026-05-28,2026-05-11T18:50:21.839756
ORD-A1B79063,120,80,120,120,Bursa Sanayi Deposu,2026-05-12,2026-05-11T19:01:00.353492
ORD-94F1C9C3,200,120,80,100,Atlas Kargo ve Depo,2026-06-08,2026-05-11T19:19:36.651194
ORD-02DDBE4E,160,120,120,120,Kartal Ticaret Merkezi,2026-05-22,2026-05-11T21:48:09.582667
ORD-668A736E,140,160,100,120,Güneş Lojistik,2026-05-17,2026-05-12T06:04:41.016470
ORD-0E9FB54A,180,160,80,120,Uludağ Tedarik A.Ş.,2026-06-06,2026-05-12T06:14:54.768473
ORD-E35FD8C3,100,160,80,100,İzmir Lojistik Merkezi,2026-06-09,2026-05-12T09:09:29.918758
ORD-9FC0CCF3,180,100,80,120,Ankara Toptancılık,2026-06-02,2026-05-12T11:05:09.072623
ORD-084F0DAC,80,140,80,120,İstanbul Kargo Ltd.,2026-05-20,2026-05-12T12:39:33.264679
ORD-B723AB40,200,160,100,100,İstanbul Kargo Ltd.,2026-06-09,2026-05-12T13:10:20.714544
ORD-9C8A3DEE,100,80,100,100,Sakarya Dağıtım A.Ş.,2026-05-19,2026-05-12T15:11:06.027498
ORD-2ACB94F1,200,160,100,100,Sakarya Dağıtım A.Ş.,2026-05-28,2026-05-12T15:45:24.061669
ORD-9396B3CC,80,140,100,100,Karadeniz Dağıtım,2026-05-24,2026-05-12T16:12:29.119490
ORD-ED19D1D1,120,60,100,100,Kartal Ticaret Merkezi,2026-05-26,2026-05-12T16:51:53.773774
ORD-AC8A4144,80,80,100,100,Selçuk Dağıtım Ltd.,2026-05-20,2026-05-12T18:44:09.740734
ORD-D340790B,160,160,100,120,Fırat Kargo Ltd.,2026-06-08,2026-05-12T19:09:44.066341
ORD-39B21CD5,60,100,120,120,Atlas Kargo ve Depo,2026-06-08,2026-05-12T21:55:09.468238
ORD-8A1CA5A0,160,120,80,100,Bosphorus Logistics,2026-05-14,2026-05-13T09:16:14.535482
ORD-18667488,100,160,100,120,Kartal Ticaret Merkezi,2026-06-05,2026-05-13T10:53:27.587712
ORD-79A63292,100,60,80,120,Atlas Kargo ve Depo,2026-05-22,2026-05-13T11:33:25.628471
ORD-C117515C,200,100,120,120,Çelik Ambalaj A.Ş.,2026-05-16,2026-05-13T11:51:43.318992
ORD-B766608F,100,140,80,120,Güneş Lojistik,2026-06-08,2026-05-13T13:37:32.391235
ORD-3012DE72,160,100,80,120,Boğaziçi Ticaret Ltd.,2026-05-27,2026-05-13T14:21:39.844264
ORD-DB31BCD8,140,60,80,120,Anadolu Lojistik A.Ş.,2026-05-15,2026-05-13T15:04:16.345326
ORD-3A839C0C,160,100,80,100,Sakarya Dağıtım A.Ş.,2026-05-20,2026-05-13T16:06:05.398382
ORD-731D9FD8,80,60,100,120,İstanbul Kargo Ltd.,2026-06-08,2026-05-13T16:28:31.770509
ORD-E4E33BBC,120,120,100,100,Bursa Sanayi Deposu,2026-05-31,2026-05-13T16:49:18.399152
ORD-83A1E979,80,120,120,120,Çelik Ambalaj A.Ş.,2026-05-23,2026-05-13T18:04:38.114027
ORD-5AC89368,100,100,120,120,Çelik Ambalaj A.Ş.,2026-05-29,2026-05-13T20:09:38.297158
ORD-A0E84D46,60,100,80,120,Atlas Kargo ve Depo,2026-06-03,2026-05-13T22:22:07.050051
ORD-C4FA6654,180,140,120,120,Çelik Ambalaj A.Ş.,2026-05-14,2026-05-13T22:42:53.880152
ORD-58A47D45,200,60,100,100,Atlas Kargo ve Depo,2026-06-04,2026-05-13T22:46:40.021734
ORD-5F2A9984,160,160,120,120,Güneş Lojistik,2026-05-31,2026-05-14T06:41:56.716734
ORD-CEA1B0D0,160,120,80,100,Boğaziçi Ticaret Ltd.,2026-05-20,2026-05-14T07:35:51.958343
ORD-8EB498E6,140,60,100,120,Konya Toptancı Merkezi,2026-06-06,2026-05-14T08:22:59.463864
ORD-698E8867,140,100,100,100,Fırat Kargo Ltd.,2026-06-02,2026-05-14T08:49:32.017058
ORD-F05DC718,60,160,80,120,Selçuk Dağıtım Ltd.,2026-05-27,2026-05-14T09:20:23.642544
ORD-895A7B47,100,120,120,120,Türkiye Genel Dağıtım,2026-05-29,2026-05-14T10:01:49.245808
ORD-1BB5E19F,80,140,120,120,Çelik Ambalaj A.Ş.,2026-05-16,2026-05-14T10:12:58.782304
ORD-C4B58522,200,120,120,120,Akdeniz Ticaret A.Ş.,2026-06-13,2026-05-14T11:06:13.162062
ORD-A5B789B5,200,80,80,100,Türkiye Genel Dağıtım,2026-05-21,2026-05-14T13:02:26.801677
ORD-C4944B9E,200,100,100,120,Fırat Kargo Ltd.,2026-05-23,2026-05-14T13:31:11.838202
ORD-6F16314D,180,100,80,100,Uludağ Tedarik A.Ş.,2026-05-28,2026-05-14T14:20:49.380816
ORD-E563CE58,140,120,100,120,İzmir Lojistik Merkezi,2026-06-07,2026-05-14T16:51:07.491081
ORD-6E548E8C,100,140,80,120,İstanbul Kargo Ltd.,2026-06-11,2026-05-14T16:52:54.718240
ORD-62F7C61E,100,140,100,100,Akdeniz Ticaret A.Ş.,2026-05-23,2026-05-14T18:29:19.475637
ORD-FEF3A332,200,160,100,100,Çelik Ambalaj A.Ş.,2026-06-11,2026-05-14T20:56:15.448324
ORD-8101AC61,200,140,100,100,Türkiye Genel Dağıtım,2026-06-02,2026-05-15T06:43:46.120116
ORD-4F5C3F24,60,160,100,100,Ege Depo Sistemleri,2026-06-13,2026-05-15T10:38:24.161745
ORD-E206EC4B,200,80,100,100,Fırat Kargo Ltd.,2026-05-25,2026-05-15T12:03:37.771476
ORD-6D1880A4,200,120,100,120,Bosphorus Logistics,2026-06-01,2026-05-15T12:24:45.800957
ORD-EC347E12,80,160,80,100,Merkez Lojistik Ltd.,2026-06-12,2026-05-15T13:59:36.803562
ORD-01197FC1,140,160,80,120,Fırat Kargo Ltd.,2026-05-30,2026-05-15T15:16:29.052512
ORD-B8601EE8,100,120,100,100,Konya Toptancı Merkezi,2026-05-17,2026-05-15T15:23:57.978413
ORD-BC3E2A1A,160,120,100,100,Selçuk Dağıtım Ltd.,2026-06-03,2026-05-15T16:40:42.342394
ORD-A99731A8,100,80,80,120,Güneş Lojistik,2026-05-26,2026-05-15T19:36:57.950660
ORD-BEE0D447,120,80,80,120,Sakarya Dağıtım A.Ş.,2026-06-08,2026-05-15T20:49:52.336454
ORD-97FED7FE,120,140,80,100,İzmir Lojistik Merkezi,2026-05-17,2026-05-15T22:51:27.501554
ORD-9569E5D5,160,120,100,120,Uludağ Tedarik A.Ş.,2026-05-30,2026-05-16T06:44:04.108205
ORD-F2FDBFFC,180,60,80,120,Konya Toptancı Merkezi,2026-06-03,2026-05-16T09:29:23.705511
ORD-8B597F25,120,140,80,100,Türkiye Genel Dağıtım,2026-05-30,2026-05-16T09:48:20.129620
ORD-A651EC2C,80,120,80,120,İzmir Lojistik Merkezi,2026-05-29,2026-05-16T09:50:59.129502
ORD-5CA6F144,180,160,100,120,Akdeniz Ticaret A.Ş.,2026-06-11,2026-05-16T10:43:49.209197
ORD-F1459E9D,160,120,120,120,Güneş Lojistik,2026-06-10,2026-05-16T11:09:02.853527
ORD-24BCD5F1,180,80,120,120,Çelik Ambalaj A.Ş.,2026-05-27,2026-05-16T13:58:55.946396
ORD-98F4BE56,100,80,100,100,Bosphorus Logistics,2026-05-24,2026-05-16T14:12:07.190167
ORD-2A065371,100,160,120,120,Fırat Kargo Ltd.,2026-06-07,2026-05-16T14:26:10.949962
ORD-2D89C28D,100,100,100,100,Ege Depo Sistemleri,2026-05-22,2026-05-16T16:59:45.236422
ORD-69180E75,60,60,100,100,Kartal Ticaret Merkezi,2026-06-02,2026-05-16T18:19:25.703869
ORD-25975AD9,200,140,100,120,Çelik Ambalaj A.Ş.,2026-06-03,2026-05-16T20:07:47.292872
ORD-08EEFF3F,100,160,100,120,Uludağ Tedarik A.Ş.,2026-06-12,2026-05-17T07:05:19.831377
ORD-1F43A108,180,120,120,120,İstanbul Kargo Ltd.,2026-05-21,2026-05-17T10:34:26.501482
ORD-55E84FA7,180,60,120,120,Marmara Tedarik A.Ş.,2026-06-15,2026-05-17T12:07:12.298739
ORD-934BBA3B,60,140,100,120,Çelik Ambalaj A.Ş.,2026-06-04,2026-05-17T14:05:47.199244
ORD-79D95B9B,180,80,100,120,Türkiye Genel Dağıtım,2026-05-28,2026-05-17T17:25:17.260849
ORD-1C9DE5B6,120,80,100,100,Bosphorus Logistics,2026-06-02,2026-05-17T20:43:18.236450
ORD-46A33DBC,100,60,80,120,Konya Toptancı Merkezi,2026-06-09,2026-05-17T22:25:08.818430
ORD-5E19CDA9,140,80,100,100,Ege Depo Sistemleri,2026-05-30,2026-05-17T22:30:21.878775
ORD-319E64B8,180,60,100,120,Türkiye Genel Dağıtım,2026-06-07,2026-05-18T08:20:14.464032
ORD-6321198B,60,140,100,100,Ege Depo Sistemleri,2026-05-26,2026-05-18T08:40:43.207607
ORD-783E2012,160,140,80,100,Ankara Toptancılık,2026-06-03,2026-05-18T08:50:42.194521
ORD-B3A47ED1,60,60,120,120,Güneş Lojistik,2026-06-12,2026-05-18T10:40:16.169430
ORD-0F2B412E,80,60,80,100,İzmir Lojistik Merkezi,2026-05-26,2026-05-18T13:31:32.788938
ORD-FE2928C1,120,160,100,100,Marmara Tedarik A.Ş.,2026-05-21,2026-05-18T14:54:48.036705
ORD-7AE7481F,180,160,120,120,Yıldız Dağıtım A.Ş.,2026-06-02,2026-05-18T15:12:24.894787
ORD-2AE434A2,60,160,80,120,İstanbul Kargo Ltd.,2026-06-15,2026-05-18T16:55:30.489887
ORD-27F0B317,200,140,80,120,Ege Depo Sistemleri,2026-05-21,2026-05-18T17:40:35.926252
ORD-C55D9CEA,120,60,80,100,Marmara Tedarik A.Ş.,2026-05-28,2026-05-18T19:05:21.402722
ORD-AA2F3228,180,160,100,120,Çelik Ambalaj A.Ş.,2026-05-24,2026-05-18T19:25:01.773207
ORD-FB928737,160,160,100,120,Akdeniz Ticaret A.Ş.,2026-06-09,2026-05-18T19:39:07.628218
ORD-78754B17,200,140,120,120,Türkiye Genel Dağıtım,2026-06-09,2026-05-18T20:14:35.427066
ORD-680DD487,100,100,80,120,Anadolu Lojistik A.Ş.,2026-06-08,2026-05-18T21:07:41.698260
ORD-39761938,120,60,100,100,Kartal Ticaret Merkezi,2026-05-24,2026-05-19T07:41:22.038504
ORD-8221A325,120,120,80,120,Sakarya Dağıtım A.Ş.,2026-06-12,2026-05-19T09:30:43.502073
ORD-449D8ECB,100,100,100,120,Konya Toptancı Merkezi,2026-06-12,2026-05-19T10:29:39.872156
ORD-140DD5E1,60,140,120,120,Uludağ Tedarik A.Ş.,2026-06-09,2026-05-19T12:20:12.201898
ORD-94F8A23D,180,100,80,120,Merkez Lojistik Ltd.,2026-05-26,2026-05-19T12:50:04.358143
ORD-81933BC3,80,160,80,100,Güneş Lojistik,2026-05-22,2026-05-19T15:05:24.130738
ORD-63CECA4B,120,60,80,100,İzmir Lojistik Merkezi,2026-05-24,2026-05-19T15:07:40.477461
ORD-B6E32A54,200,100,80,120,Güneş Lojistik,2026-06-15,2026-05-19T17:22:15.290070
ORD-CF85652A,80,140,80,100,Selçuk Dağıtım Ltd.,2026-05-20,2026-05-19T18:30:37.911015
ORD-14CDA131,80,160,80,120,Yıldız Dağıtım A.Ş.,2026-06-06,2026-05-19T21:51:55.011214
ORD-AF27F810,200,100,100,120,Delta Tedarik Zinciri,2026-05-20,2026-05-19T22:21:41.739719
ORD-80434A74,180,140,100,120,Karadeniz Dağıtım,2026-06-05,2026-05-20T15:58:44.559104
ORD-48509EEE,120,60,100,100,Uludağ Tedarik A.Ş.,2026-06-13,2026-05-20T19:55:27.820628
ORD-A043BAE1,60,60,80,120,Güneş Lojistik,2026-05-28,2026-05-20T22:38:01.588508
ORD-661DB3C1,120,100,80,120,Bosphorus Logistics,2026-06-14,2026-05-21T10:15:06.153557
ORD-D244F526,160,120,120,120,Güneş Lojistik,2026-06-05,2026-05-21T11:36:08.603867
ORD-778F3286,140,160,80,100,Yıldız Dağıtım A.Ş.,2026-06-16,2026-05-21T14:27:23.382221
ORD-7290690A,100,60,80,100,Marmara Tedarik A.Ş.,2026-06-03,2026-05-21T16:13:29.342722
ORD-926078B1,100,80,80,100,Merkez Lojistik Ltd.,2026-05-28,2026-05-21T17:06:02.268914
ORD-A949B726,200,140,120,120,Selçuk Dağıtım Ltd.,2026-06-01,2026-05-21T18:17:52.824040
ORD-A501F662,80,60,80,100,Uludağ Tedarik A.Ş.,2026-05-27,2026-05-21T18:49:25.298776
ORD-D5B95178,160,140,100,120,Bursa Sanayi Deposu,2026-06-17,2026-05-21T19:04:41.447191
ORD-91AEEA49,200,140,100,120,Çelik Ambalaj A.Ş.,2026-06-02,2026-05-21T20:30:58.942226
ORD-F684AD26,200,120,100,120,Ankara Toptancılık,2026-06-05,2026-05-22T07:16:00.454341
ORD-39C4840C,160,120,120,120,Karadeniz Dağıtım,2026-05-28,2026-05-22T16:29:14.483187
ORD-85667904,180,60,100,100,Marmara Tedarik A.Ş.,2026-06-20,2026-05-22T16:44:15.051685
ORD-CF658A03,80,100,120,120,Akdeniz Ticaret A.Ş.,2026-06-08,2026-05-22T16:49:00.119366
ORD-DB0D5135,140,100,80,120,Atlas Kargo ve Depo,2026-05-23,2026-05-22T18:54:28.582959
ORD-32DC39AA,100,60,80,120,Ankara Toptancılık,2026-06-16,2026-05-22T19:36:34.906484
ORD-7665E472,120,160,100,100,Kartal Ticaret Merkezi,2026-06-07,2026-05-22T19:56:35.502300
ORD-2450B26B,160,60,100,100,Atlas Kargo ve Depo,2026-06-20,2026-05-23T07:27:01.482087
ORD-C2A515B4,140,140,120,120,Selçuk Dağıtım Ltd.,2026-06-07,2026-05-23T09:30:03.908479
ORD-1A2261E4,200,140,80,100,Yıldız Dağıtım A.Ş.,2026-06-03,2026-05-23T11:13:11.082020
ORD-5EF98BA0,100,100,100,120,Boğaziçi Ticaret Ltd.,2026-05-28,2026-05-23T12:37:22.290870
ORD-1D8F6651,80,100,100,120,Tuna Depolama Hizmetleri,2026-06-08,2026-05-23T15:16:13.002342
ORD-57AE2265,200,100,100,100,İstanbul Kargo Ltd.,2026-06-10,2026-05-23T16:54:23.432373
ORD-8B8F2D5B,100,80,120,120,Fırat Kargo Ltd.,2026-05-26,2026-05-23T18:17:25.230935
ORD-271473D1,60,120,120,120,Delta Tedarik Zinciri,2026-06-15,2026-05-24T06:03:16.144408
ORD-9F1D67E9,120,120,100,100,Selçuk Dağıtım Ltd.,2026-06-03,2026-05-24T07:52:14.700901
ORD-5CBA45A5,200,100,80,100,Delta Tedarik Zinciri,2026-06-09,2026-05-24T09:11:41.636095
ORD-86253EC0,160,140,100,100,Delta Tedarik Zinciri,2026-05-30,2026-05-24T09:15:42.252867
ORD-DA1F1DAB,80,100,80,100,Boğaziçi Ticaret Ltd.,2026-06-11,2026-05-24T12:39:13.979713
ORD-29146E61,100,140,80,100,İzmir Lojistik Merkezi,2026-05-27,2026-05-24T14:40:44.676930
ORD-48A0BC0E,140,60,100,100,Selçuk Dağıtım Ltd.,2026-06-22,2026-05-24T17:42:42.928744
ORD-22786051,180,60,120,120,Kartal Ticaret Merkezi,2026-06-07,2026-05-24T18:49:05.760053
ORD-2A340FEE,200,60,80,100,Bosphorus Logistics,2026-06-14,2026-05-24T18:50:33.334217
ORD-B7FFC7EF,60,100,80,100,Yıldız Dağıtım A.Ş.,2026-06-06,2026-05-24T19:54:39.961691
ORD-8572E6AF,60,140,100,120,Güneş Lojistik,2026-05-29,2026-05-24T22:05:38.598301
ORD-8346A916,120,100,120,120,Konya Toptancı Merkezi,2026-06-14,2026-05-25T06:49:19.177477
ORD-B94BC722,200,120,100,100,İzmir Lojistik Merkezi,2026-05-31,2026-05-25T07:38:11.752037
ORD-7D096AF1,120,60,80,100,Delta Tedarik Zinciri,2026-06-19,2026-05-25T11:49:24.046005
ORD-D33241D2,160,80,80,120,Bosphorus Logistics,2026-06-09,2026-05-25T13:23:51.390437
ORD-02F3D239,120,120,80,120,Marmara Tedarik A.Ş.,2026-06-05,2026-05-25T16:26:04.096704
ORD-43146C26,80,60,80,120,Konya Toptancı Merkezi,2026-06-09,2026-05-25T17:48:17.107197
ORD-E3E0C396,200,60,80,120,Tuna Depolama Hizmetleri,2026-06-19,2026-05-25T18:44:08.450592
ORD-00F658DA,100,140,100,100,Güneş Lojistik,2026-06-17,2026-05-26T07:58:13.103442
ORD-740741E4,80,100,100,100,Atlas Kargo ve Depo,2026-05-30,2026-05-26T09:04:23.040140
ORD-B183C726,80,60,80,120,Güneş Lojistik,2026-06-24,2026-05-26T10:30:13.467836
ORD-9E557CD2,100,140,120,120,Boğaziçi Ticaret Ltd.,2026-06-13,2026-05-26T11:54:51.601560
ORD-8AD9ACC3,200,100,80,100,Anadolu Lojistik A.Ş.,2026-06-12,2026-05-26T15:31:46.424368
ORD-8BB2F012,80,60,80,100,Kartal Ticaret Merkezi,2026-06-03,2026-05-26T17:05:38.039589
ORD-AFFFEE12,120,140,100,120,Marmara Tedarik A.Ş.,2026-06-18,2026-05-26T17:20:38.450405
ORD-F79ACA3E,180,80,100,120,Çelik Ambalaj A.Ş.,2026-06-09,2026-05-26T18:36:10.980941
ORD-DC3BA868,100,140,100,100,Delta Tedarik Zinciri,2026-06-06,2026-05-26T19:41:20.115830
ORD-8CB21536,200,120,80,120,Karadeniz Dağıtım,2026-06-23,2026-05-26T20:08:54.632575
ORD-7A45E7CB,120,100,120,120,Uludağ Tedarik A.Ş.,2026-06-10,2026-05-27T07:36:55.232022
ORD-D196F345,160,120,120,120,Türkiye Genel Dağıtım,2026-06-04,2026-05-27T08:12:08.817823
ORD-CCC3A745,60,60,100,100,Merkez Lojistik Ltd.,2026-06-25,2026-05-27T09:24:28.329839
ORD-D3C3A891,80,160,100,100,Fırat Kargo Ltd.,2026-06-11,2026-05-27T11:43:17.888380
ORD-5631D7AA,60,100,80,120,Kartal Ticaret Merkezi,2026-06-01,2026-05-27T12:04:53.802325
ORD-6D12EB1C,160,160,80,100,Ege Depo Sistemleri,2026-06-10,2026-05-27T12:13:05.838641
ORD-F2E2133B,140,160,100,100,Fırat Kargo Ltd.,2026-06-06,2026-05-27T13:06:03.411987
ORD-E2B3F2E1,200,60,120,120,Sakarya Dağıtım A.Ş.,2026-06-03,2026-05-27T13:44:04.367506
ORD-AAD5D618,60,160,120,120,Delta Tedarik Zinciri,2026-05-29,2026-05-27T14:58:26.558272
ORD-669C1A58,100,140,120,120,Uludağ Tedarik A.Ş.,2026-06-08,2026-05-27T19:12:31.666311
ORD-62560BC7,120,60,80,120,Türkiye Genel Dağıtım,2026-06-19,2026-05-27T21:07:36.561307
ORD-16045BAC,120,160,100,100,Yıldız Dağıtım A.Ş.,2026-06-13,2026-05-27T22:44:44.648270
ORD-B5CDC65F,120,120,120,120,Fırat Kargo Ltd.,2026-06-06,2026-05-28T08:58:28.963406
ORD-7CBFE649,60,80,80,120,Türkiye Genel Dağıtım,2026-06-11,2026-05-28T10:16:54.233717
ORD-C405C787,180,100,120,120,Fırat Kargo Ltd.,2026-06-07,2026-05-28T11:02:44.967693
ORD-8374EB35,120,60,80,120,Uludağ Tedarik A.Ş.,2026-06-10,2026-05-28T14:04:13.957492
ORD-6B5C4FBA,80,60,100,120,Karadeniz Dağıtım,2026-05-31,2026-05-28T14:11:07.802056
ORD-09A024C9,60,60,80,100,Boğaziçi Ticaret Ltd.,2026-06-19,2026-05-28T14:42:54.957212
ORD-9FAB81EC,200,100,80,100,Kartal Ticaret Merkezi,2026-06-04,2026-05-28T15:58:15.344650
ORD-230D6C72,200,120,120,120,Atlas Kargo ve Depo,2026-06-13,2026-05-29T06:18:07.163459
ORD-779011AF,160,120,100,120,Tuna Depolama Hizmetleri,2026-06-15,2026-05-29T06:44:53.276142
ORD-78CA153A,60,160,100,120,Kartal Ticaret Merkezi,2026-06-11,2026-05-29T09:24:16.566479
ORD-CF79053B,120,100,100,100,Yıldız Dağıtım A.Ş.,2026-06-08,2026-05-29T10:45:24.544909
ORD-7A82D601,160,140,120,120,Akdeniz Ticaret A.Ş.,2026-06-17,2026-05-29T11:09:18.548668
ORD-FF3D30B5,60,140,100,120,Kartal Ticaret Merkezi,2026-06-16,2026-05-29T13:44:33.174853
ORD-92C8C805,160,100,80,120,Anadolu Lojistik A.Ş.,2026-05-31,2026-05-29T13:56:36.992948
ORD-35AD962F,60,140,80,100,Güneş Lojistik,2026-06-01,2026-05-29T14:07:34.115333
ORD-C79E032F,180,60,100,100,Kartal Ticaret Merkezi,2026-06-06,2026-05-29T15:07:03.250021
ORD-85A4BCD3,140,60,100,120,Kartal Ticaret Merkezi,2026-06-08,2026-05-29T17:50:25.991758
ORD-C0C8DD12,200,80,100,100,Uludağ Tedarik A.Ş.,2026-06-09,2026-05-29T21:09:15.058589
ORD-EDC41754,120,120,100,100,Akdeniz Ticaret A.Ş.,2026-06-17,2026-05-29T21:49:49.204915
ORD-99669E14,180,100,100,100,Bursa Sanayi Deposu,2026-06-14,2026-05-29T21:56:38.006918
ORD-6133D786,120,80,80,120,Bosphorus Logistics,2026-06-04,2026-05-30T06:16:50.842570
ORD-70E0746E,140,80,120,120,Marmara Tedarik A.Ş.,2026-06-24,2026-05-30T06:30:50.799679
ORD-9C443BC0,180,140,120,120,Türkiye Genel Dağıtım,2026-06-29,2026-05-30T08:55:37.120950
ORD-B51BC86A,160,160,100,120,Türkiye Genel Dağıtım,2026-06-22,2026-05-30T09:14:40.675180
ORD-09043555,100,120,120,120,Atlas Kargo ve Depo,2026-06-18,2026-05-30T09:15:26.156524
ORD-BC6D39B3,180,80,120,120,Çelik Ambalaj A.Ş.,2026-06-22,2026-05-30T12:26:32.812617
ORD-190618C2,120,120,80,100,Marmara Tedarik A.Ş.,2026-06-20,2026-05-30T12:35:39.771403
ORD-BF89D720,100,80,100,120,Atlas Kargo ve Depo,2026-06-18,2026-05-30T14:03:58.760657
ORD-D455A4FE,80,120,100,100,Uludağ Tedarik A.Ş.,2026-06-24,2026-05-30T14:36:25.621885
ORD-B722F1D8,160,160,100,120,Konya Toptancı Merkezi,2026-06-18,2026-05-31T06:40:27.677724
ORD-F39E4BC9,160,120,100,120,Boğaziçi Ticaret Ltd.,2026-06-07,2026-05-31T10:24:13.673226
ORD-B3DAE3C2,140,80,80,100,Boğaziçi Ticaret Ltd.,2026-06-05,2026-05-31T16:26:14.875849
ORD-A85F25DC,160,140,80,120,Çelik Ambalaj A.Ş.,2026-06-03,2026-05-31T17:27:41.026648
ORD-21223F06,100,120,100,100,Tuna Depolama Hizmetleri,2026-06-14,2026-05-31T20:47:41.022525
ORD-C17FF134,120,100,80,120,Konya Toptancı Merkezi,2026-06-06,2026-05-31T20:53:34.737715
ORD-691EF1F5,80,80,80,100,Kartal Ticaret Merkezi,2026-06-24,2026-05-31T21:17:48.748152
ORD-6BEE72B1,120,160,100,100,Delta Tedarik Zinciri,2026-06-14,2026-05-31T21:19:50.891115
ORD-8B0E47B0,160,160,120,120,Tuna Depolama Hizmetleri,2026-06-08,2026-05-31T22:17:51.065021
ORD-60B659B9,80,120,80,120,Atlas Kargo ve Depo,2026-06-28,2026-06-01T07:56:15.543899
ORD-2F088507,140,100,120,120,Güneş Lojistik,2026-06-14,2026-06-01T08:35:49.328387
ORD-A723A5F0,160,100,80,100,Marmara Tedarik A.Ş.,2026-06-26,2026-06-01T08:36:08.555178
ORD-B022BB19,180,80,80,120,Ankara Toptancılık,2026-06-28,2026-06-01T12:45:21.113000
ORD-E6DBB053,140,100,120,120,Akdeniz Ticaret A.Ş.,2026-06-23,2026-06-01T13:00:57.953217
ORD-AEED0842,80,160,100,120,Türkiye Genel Dağıtım,2026-06-18,2026-06-01T13:26:15.600727
ORD-037897AB,120,60,80,120,Ege Depo Sistemleri,2026-06-13,2026-06-01T15:35:33.392052
ORD-2AE9FEB4,200,100,80,120,Çelik Ambalaj A.Ş.,2026-06-24,2026-06-01T16:16:10.818656
ORD-3A63A26A,140,120,100,120,Fırat Kargo Ltd.,2026-06-08,2026-06-02T06:15:56.440191
ORD-0BE8B895,120,120,100,120,İzmir Lojistik Merkezi,2026-06-21,2026-06-02T06:16:11.426911
ORD-4EFCFACB,80,160,120,120,Çelik Ambalaj A.Ş.,2026-07-01,2026-06-02T07:08:43.577723
ORD-82A848C2,60,100,120,120,Uludağ Tedarik A.Ş.,2026-06-18,2026-06-02T07:32:27.490012
ORD-EAE7F84A,180,100,80,100,Selçuk Dağıtım Ltd.,2026-06-09,2026-06-02T07:37:33.735928
ORD-FAEBDF39,100,80,80,100,Delta Tedarik Zinciri,2026-06-22,2026-06-02T10:50:37.860307
ORD-80FF9DDC,120,160,80,100,Güneş Lojistik,2026-06-26,2026-06-02T11:13:36.770033
ORD-41D763E2,180,100,80,120,Boğaziçi Ticaret Ltd.,2026-06-08,2026-06-02T12:22:26.505020
ORD-1EE90E5F,180,60,100,120,Yıldız Dağıtım A.Ş.,2026-06-08,2026-06-02T13:36:53.890704
ORD-EF35395E,60,140,100,100,İzmir Lojistik Merkezi,2026-06-04,2026-06-02T14:41:30.417641
ORD-91AED93E,120,100,100,120,Selçuk Dağıtım Ltd.,2026-06-09,2026-06-02T16:33:43.431530
ORD-8F3CF56C,60,140,80,100,Delta Tedarik Zinciri,2026-06-23,2026-06-02T18:44:09.574721
ORD-B9D9D00A,120,140,120,120,Yıldız Dağıtım A.Ş.,2026-06-23,2026-06-03T06:31:56.657629
ORD-2852A2FF,60,120,120,120,İstanbul Kargo Ltd.,2026-06-08,2026-06-03T07:29:26.745208
ORD-21744084,60,100,80,120,Çelik Ambalaj A.Ş.,2026-06-06,2026-06-03T08:39:38.531699
ORD-A8574D01,120,100,80,120,İstanbul Kargo Ltd.,2026-06-30,2026-06-03T09:28:47.350912
ORD-D702ACE2,140,160,100,120,Güneş Lojistik,2026-06-19,2026-06-03T09:36:43.514382
ORD-46344E72,100,140,80,120,Güneş Lojistik,2026-06-26,2026-06-03T16:32:59.718445
ORD-6011E2A5,200,160,120,120,Türkiye Genel Dağıtım,2026-06-13,2026-06-03T16:58:19.896929
ORD-40BB28F0,160,80,80,120,Konya Toptancı Merkezi,2026-07-03,2026-06-03T18:27:27.829142
ORD-051DB731,160,100,80,120,Ege Depo Sistemleri,2026-06-08,2026-06-03T18:49:52.789743
ORD-8B1A52D7,120,120,80,120,Güneş Lojistik,2026-06-13,2026-06-03T22:10:05.278937
ORD-4ECCDFC2,200,160,80,100,Marmara Tedarik A.Ş.,2026-07-01,2026-06-04T08:07:36.448217
ORD-D549C0F0,100,120,120,120,Güneş Lojistik,2026-06-05,2026-06-04T12:13:42.751485
ORD-AE469C4C,180,120,80,100,Fırat Kargo Ltd.,2026-06-24,2026-06-04T14:52:20.653169
ORD-851BA955,200,160,80,100,İstanbul Kargo Ltd.,2026-06-10,2026-06-04T17:14:42.617558
ORD-1A8461C3,60,120,100,100,Kartal Ticaret Merkezi,2026-06-19,2026-06-04T19:56:39.649310
ORD-78FC24F4,120,160,80,120,Yıldız Dağıtım A.Ş.,2026-06-20,2026-06-04T22:04:10.459008
ORD-458C565A,100,100,100,120,Kartal Ticaret Merkezi,2026-06-15,2026-06-04T22:31:49.772303
ORD-538EA3AB,160,80,80,100,Kartal Ticaret Merkezi,2026-06-26,2026-06-05T06:04:55.515524
ORD-AC4AA1F8,120,120,80,120,Uludağ Tedarik A.Ş.,2026-07-04,2026-06-05T06:07:42.981657
ORD-0577EDF7,100,80,80,100,Çelik Ambalaj A.Ş.,2026-06-19,2026-06-05T06:55:08.826556
ORD-AA50DE09,120,120,80,100,Akdeniz Ticaret A.Ş.,2026-06-18,2026-06-05T07:44:43.283412
ORD-EF7422AB,180,120,120,120,Güneş Lojistik,2026-06-18,2026-06-05T08:43:42.917036
ORD-BC6BE915,180,160,100,100,Marmara Tedarik A.Ş.,2026-06-27,2026-06-05T09:33:33.252207
ORD-593C16EB,200,80,120,120,Fırat Kargo Ltd.,2026-07-02,2026-06-05T09:38:41.314985
ORD-C0C41B91,160,60,100,100,Çelik Ambalaj A.Ş.,2026-07-03,2026-06-05T11:23:10.267508
ORD-4106BFE7,180,60,120,120,Türkiye Genel Dağıtım,2026-07-01,2026-06-05T13:10:28.077289
ORD-D78E29B2,160,140,100,100,Türkiye Genel Dağıtım,2026-06-19,2026-06-05T13:17:25.359513
ORD-087CD738,120,80,80,100,Anadolu Lojistik A.Ş.,2026-06-15,2026-06-05T13:41:05.016703
ORD-481BC037,80,60,80,100,Uludağ Tedarik A.Ş.,2026-07-03,2026-06-06T07:17:17.616814
ORD-B81B6DFF,120,100,100,100,Boğaziçi Ticaret Ltd.,2026-06-19,2026-06-06T08:52:55.799786
ORD-DB55C851,160,60,80,100,Fırat Kargo Ltd.,2026-06-08,2026-06-06T09:01:54.359743
ORD-0B4AFDDE,200,80,80,100,Kartal Ticaret Merkezi,2026-06-30,2026-06-06T09:02:23.030237
ORD-7DF1FC16,100,140,80,100,İzmir Lojistik Merkezi,2026-06-29,2026-06-06T10:12:11.872712
ORD-6637E5B0,140,140,100,120,Tuna Depolama Hizmetleri,2026-06-28,2026-06-06T10:16:15.631399
ORD-53218681,160,100,100,120,Bursa Sanayi Deposu,2026-06-16,2026-06-06T12:48:39.556268
ORD-7399F4FA,60,140,80,120,İzmir Lojistik Merkezi,2026-07-03,2026-06-06T15:49:51.241296
ORD-B374BECB,80,160,80,120,Ege Depo Sistemleri,2026-06-27,2026-06-06T17:05:33.741635
ORD-7D1CD1A8,120,80,80,120,Anadolu Lojistik A.Ş.,2026-06-22,2026-06-06T21:13:55.420521
ORD-EEFDEB43,60,80,100,100,Marmara Tedarik A.Ş.,2026-07-03,2026-06-07T08:19:53.705756
ORD-D70F3B2A,80,160,120,120,İstanbul Kargo Ltd.,2026-06-16,2026-06-07T08:23:42.947703
ORD-BF539715,180,140,100,100,Fırat Kargo Ltd.,2026-07-05,2026-06-07T12:54:58.169218
ORD-A5CA6775,140,100,100,100,Çelik Ambalaj A.Ş.,2026-06-24,2026-06-07T13:19:40.899595
ORD-8CB19D85,140,100,120,120,Karadeniz Dağıtım,2026-06-27,2026-06-07T19:10:44.465471
ORD-6FCA2F2F,200,60,80,120,Selçuk Dağıtım Ltd.,2026-07-07,2026-06-07T20:00:46.151157
ORD-0F1CA413,100,60,80,120,Merkez Lojistik Ltd.,2026-06-22,2026-06-07T21:18:02.242720
ORD-C0D6DE01,120,100,120,120,Atlas Kargo ve Depo,2026-06-27,2026-06-07T21:32:26.692299
ORD-FCE7565E,160,160,100,120,Selçuk Dağıtım Ltd.,2026-06-21,2026-06-08T07:22:55.346297
ORD-F91C4C8C,100,80,120,120,Merkez Lojistik Ltd.,2026-07-08,2026-06-08T11:15:50.009171
ORD-D46569F3,60,60,80,120,Tuna Depolama Hizmetleri,2026-06-21,2026-06-08T18:35:30.058840
ORD-742BC9C2,180,140,80,100,Bosphorus Logistics,2026-06-11,2026-06-08T18:42:06.193757
ORD-B642833D,60,140,80,100,Marmara Tedarik A.Ş.,2026-06-22,2026-06-08T22:08:24.254655
ORD-AA97D867,160,100,100,100,Türkiye Genel Dağıtım,2026-06-11,2026-06-09T06:37:02.134425
ORD-4D31D7A2,80,120,80,100,Tuna Depolama Hizmetleri,2026-06-26,2026-06-09T08:07:09.413989
ORD-9F1B8DC4,80,80,80,120,Atlas Kargo ve Depo,2026-06-30,2026-06-09T08:43:40.565389
ORD-11EC2D08,200,60,100,100,Merkez Lojistik Ltd.,2026-07-06,2026-06-09T09:48:48.217541
ORD-D97A31AD,100,160,80,100,Çelik Ambalaj A.Ş.,2026-06-12,2026-06-09T11:41:36.356316
ORD-061B165B,60,160,100,100,Çelik Ambalaj A.Ş.,2026-07-04,2026-06-09T12:49:13.760123
ORD-C38579A8,180,80,100,100,Bursa Sanayi Deposu,2026-07-05,2026-06-09T15:44:42.049261
ORD-275E2528,200,140,80,120,Uludağ Tedarik A.Ş.,2026-06-28,2026-06-09T19:46:25.496576
ORD-1F9F66B2,80,100,100,120,Selçuk Dağıtım Ltd.,2026-06-15,2026-06-09T19:56:16.523954
ORD-372DD439,180,80,80,100,Delta Tedarik Zinciri,2026-07-02,2026-06-10T07:22:06.070156
ORD-DCEB50AF,140,140,80,120,Atlas Kargo ve Depo,2026-07-08,2026-06-10T08:51:03.468328
ORD-F5D3BCB0,200,160,100,120,Uludağ Tedarik A.Ş.,2026-06-20,2026-06-10T11:01:35.411341
ORD-683B5CC3,140,60,100,100,Sakarya Dağıtım A.Ş.,2026-07-05,2026-06-10T12:16:13.490406
ORD-17C9A541,60,100,120,120,Bursa Sanayi Deposu,2026-07-06,2026-06-10T13:04:49.629108
ORD-A6F8A245,140,160,80,120,İzmir Lojistik Merkezi,2026-07-06,2026-06-10T15:47:25.021285
ORD-5C5A2C63,180,120,80,100,Güneş Lojistik,2026-07-06,2026-06-10T17:01:28.152656
ORD-4875B3E0,200,120,120,120,Atlas Kargo ve Depo,2026-06-23,2026-06-10T17:24:31.322763
ORD-C9BBA8F7,200,140,80,120,Yıldız Dağıtım A.Ş.,2026-06-26,2026-06-10T19:04:10.023189
ORD-11AE39F7,100,120,80,120,Sakarya Dağıtım A.Ş.,2026-07-01,2026-06-10T19:19:36.131319
ORD-16607904,200,60,100,100,Bosphorus Logistics,2026-06-15,2026-06-10T20:56:46.480614
ORD-F86DBBE9,100,120,100,100,Tuna Depolama Hizmetleri,2026-06-13,2026-06-10T21:21:34.542111
ORD-4D0A4C66,160,80,80,100,Çelik Ambalaj A.Ş.,2026-07-03,2026-06-10T21:23:59.836020
ORD-49A39CCB,160,80,120,120,Ankara Toptancılık,2026-06-29,2026-06-10T22:11:07.759790
ORD-B0271C66,100,80,80,100,Akdeniz Ticaret A.Ş.,2026-06-17,2026-06-11T10:12:31.190824
ORD-AC26A512,180,100,100,120,Atlas Kargo ve Depo,2026-06-27,2026-06-11T10:16:11.720861
ORD-45C475B3,140,140,100,100,Merkez Lojistik Ltd.,2026-07-01,2026-06-11T10:44:44.700722
ORD-BF69252D,160,120,100,100,Selçuk Dağıtım Ltd.,2026-07-02,2026-06-11T11:55:33.505468
ORD-7DE30C81,140,80,80,120,Marmara Tedarik A.Ş.,2026-06-21,2026-06-11T12:34:40.101279
ORD-22BEC21F,200,100,100,120,Yıldız Dağıtım A.Ş.,2026-06-17,2026-06-11T12:35:45.036374
ORD-77B3BA40,200,140,80,120,Yıldız Dağıtım A.Ş.,2026-06-14,2026-06-11T12:47:33.387125
ORD-E4480F76,80,100,80,120,Güneş Lojistik,2026-07-08,2026-06-11T19:01:32.910736
ORD-8C9788C1,120,100,120,120,Boğaziçi Ticaret Ltd.,2026-07-08,2026-06-11T19:18:02.900367
ORD-582B5267,100,160,120,120,Konya Toptancı Merkezi,2026-07-03,2026-06-11T19:23:27.090644
ORD-EE55F2DF,100,60,100,100,Bursa Sanayi Deposu,2026-07-04,2026-06-11T21:34:20.109898
ORD-77BB290F,140,120,80,120,Marmara Tedarik A.Ş.,2026-07-07,2026-06-11T21:43:48.414205
ORD-DBCC5E86,160,100,80,120,Boğaziçi Ticaret Ltd.,2026-06-27,2026-06-11T22:33:53.128670
ORD-AFB1211E,60,120,80,120,Merkez Lojistik Ltd.,2026-07-07,2026-06-12T08:06:16.648127
ORD-698A4040,80,60,100,100,Ankara Toptancılık,2026-06-24,2026-06-12T08:34:03.979981
ORD-9D8BCBB4,160,120,100,100,Karadeniz Dağıtım,2026-06-30,2026-06-12T11:23:42.945627
ORD-7982BE30,100,80,100,100,Anadolu Lojistik A.Ş.,2026-06-16,2026-06-12T12:01:20.145295
ORD-2A58796B,200,100,120,120,Bursa Sanayi Deposu,2026-06-17,2026-06-12T15:21:46.371126
ORD-A3E6ED12,80,100,100,120,Ege Depo Sistemleri,2026-06-15,2026-06-12T16:07:23.968170
ORD-352E7D67,180,60,100,120,Fırat Kargo Ltd.,2026-06-27,2026-06-12T18:12:13.808435
ORD-DE03DD37,140,100,100,120,Konya Toptancı Merkezi,2026-06-29,2026-06-12T18:40:59.129890
ORD-D41C4830,160,120,100,100,Atlas Kargo ve Depo,2026-06-27,2026-06-12T19:26:23.843584
ORD-E67B314F,160,140,100,100,Karadeniz Dağıtım,2026-07-01,2026-06-12T19:55:16.658501
ORD-B2EDEB4D,140,160,100,100,Anadolu Lojistik A.Ş.,2026-07-11,2026-06-12T20:00:27.672101
ORD-C73CA4C6,120,120,120,120,Merkez Lojistik Ltd.,2026-06-21,2026-06-12T22:29:42.800527
ORD-D427E1BE,100,140,100,120,Tuna Depolama Hizmetleri,2026-07-06,2026-06-12T22:59:49.357999
ORD-66426FAE,140,120,100,100,Kartal Ticaret Merkezi,2026-07-10,2026-06-13T06:19:18.220392
ORD-BF42EF0C,200,120,80,100,Anadolu Lojistik A.Ş.,2026-07-09,2026-06-13T06:38:56.517437
ORD-DE1F20FA,100,160,80,100,Yıldız Dağıtım A.Ş.,2026-06-21,2026-06-13T07:07:15.415912
ORD-C0AA1E79,200,60,100,120,Atlas Kargo ve Depo,2026-07-07,2026-06-13T07:35:59.453834
ORD-42A183F9,180,140,100,120,Karadeniz Dağıtım,2026-06-30,2026-06-13T13:03:49.517386
ORD-FD6FEDEB,200,140,100,120,Ankara Toptancılık,2026-06-29,2026-06-13T15:31:01.094423
ORD-69A7737E,80,100,100,120,Fırat Kargo Ltd.,2026-07-05,2026-06-13T16:05:52.998243
ORD-416FB606,80,160,100,100,Fırat Kargo Ltd.,2026-06-29,2026-06-13T16:41:41.424778
ORD-6EAAB4BE,160,80,80,120,Bosphorus Logistics,2026-06-20,2026-06-13T17:04:03.032903
ORD-B1B0D584,80,100,120,120,Tuna Depolama Hizmetleri,2026-06-26,2026-06-13T18:52:42.032316
ORD-6025DD95,120,140,80,100,Yıldız Dağıtım A.Ş.,2026-06-20,2026-06-13T18:53:03.840257
ORD-ED99B610,200,160,100,120,Selçuk Dağıtım Ltd.,2026-06-16,2026-06-13T19:54:06.255135
ORD-CC908A1A,200,60,80,100,Anadolu Lojistik A.Ş.,2026-06-25,2026-06-13T20:45:09.456641
ORD-EB903AD9,60,80,120,120,Anadolu Lojistik A.Ş.,2026-06-30,2026-06-13T20:58:17.190305
ORD-0423E8AC,160,120,80,100,Anadolu Lojistik A.Ş.,2026-07-09,2026-06-13T21:22:58.593128
ORD-48FE052A,140,120,120,120,Sakarya Dağıtım A.Ş.,2026-06-25,2026-06-14T07:17:47.796671
ORD-8F06CF37,200,80,120,120,Akdeniz Ticaret A.Ş.,2026-06-24,2026-06-14T07:44:33.947572
ORD-79220298,140,140,120,120,Bosphorus Logistics,2026-07-09,2026-06-14T10:09:30.323668
ORD-1BDF82AF,180,80,120,120,İstanbul Kargo Ltd.,2026-07-09,2026-06-14T12:45:19.418373
ORD-77081C91,140,60,80,100,Delta Tedarik Zinciri,2026-06-27,2026-06-14T12:50:49.289627
ORD-B5AE5D75,200,120,100,100,Kartal Ticaret Merkezi,2026-07-05,2026-06-14T13:32:37.738857
ORD-CE869814,180,160,80,120,Kartal Ticaret Merkezi,2026-06-25,2026-06-14T16:12:12.052072
ORD-B934EAD0,200,60,100,100,Çelik Ambalaj A.Ş.,2026-06-15,2026-06-14T20:21:19.371083
ORD-058478BE,120,120,80,100,Yıldız Dağıtım A.Ş.,2026-06-22,2026-06-15T09:06:42.451989
ORD-C059677F,60,100,80,100,Türkiye Genel Dağıtım,2026-06-24,2026-06-15T09:38:51.841396
ORD-C2E37154,180,100,80,120,Tuna Depolama Hizmetleri,2026-07-15,2026-06-15T09:53:20.161245
ORD-1C20E872,140,60,80,100,Uludağ Tedarik A.Ş.,2026-06-26,2026-06-15T11:12:49.113992
ORD-B71FE54F,80,160,120,120,Türkiye Genel Dağıtım,2026-06-29,2026-06-15T11:56:45.725024
ORD-8FE05DDD,100,140,80,100,Akdeniz Ticaret A.Ş.,2026-06-23,2026-06-15T12:52:14.058579
ORD-788D6969,80,80,100,120,Sakarya Dağıtım A.Ş.,2026-06-16,2026-06-15T12:54:01.380002
ORD-1A0F2013,180,160,100,100,Boğaziçi Ticaret Ltd.,2026-07-02,2026-06-15T14:03:23.231444
ORD-7885C7DE,200,80,100,100,Güneş Lojistik,2026-06-30,2026-06-15T14:48:15.880660
ORD-503E5770,80,160,120,120,Bosphorus Logistics,2026-07-06,2026-06-15T14:53:47.276106
ORD-E399698E,120,100,120,120,Ankara Toptancılık,2026-06-20,2026-06-15T15:29:20.974146
ORD-E25C56A7,60,80,100,100,Akdeniz Ticaret A.Ş.,2026-06-17,2026-06-15T15:59:09.956167
ORD-9EFA0ABC,120,100,80,100,Marmara Tedarik A.Ş.,2026-07-11,2026-06-15T17:51:57.460030
ORD-595B2AFF,80,80,100,100,Uludağ Tedarik A.Ş.,2026-06-25,2026-06-15T18:09:08.352497
ORD-6949F3D7,180,80,80,100,Konya Toptancı Merkezi,2026-06-30,2026-06-15T19:32:39.770627
ORD-143A9314,180,100,120,120,Türkiye Genel Dağıtım,2026-06-26,2026-06-15T19:52:52.901259
ORD-C6CC6297,120,160,80,120,Yıldız Dağıtım A.Ş.,2026-07-03,2026-06-15T20:24:20.673738
ORD-72AF0601,200,100,100,100,Karadeniz Dağıtım,2026-06-19,2026-06-15T20:32:54.426977
ORD-98683573,180,120,80,100,Bosphorus Logistics,2026-06-18,2026-06-15T21:01:31.109385
ORD-F30938C5,100,140,120,120,Boğaziçi Ticaret Ltd.,2026-07-14,2026-06-15T21:13:46.085362
ORD-86FBFCB7,180,80,80,120,Yıldız Dağıtım A.Ş.,2026-06-27,2026-06-15T21:36:06.674044
ORD-5D591B1E,200,160,80,100,Çelik Ambalaj A.Ş.,2026-06-25,2026-06-15T21:44:08.769070
ORD-1F1E43FE,100,160,100,100,Kartal Ticaret Merkezi,2026-07-03,2026-06-16T06:09:01.343279
ORD-D2621D99,140,140,100,120,Fırat Kargo Ltd.,2026-06-30,2026-06-16T11:15:01.846964
ORD-FC9F98CB,200,80,120,120,Boğaziçi Ticaret Ltd.,2026-06-25,2026-06-16T11:17:32.704055
ORD-0311E938,180,120,100,120,İzmir Lojistik Merkezi,2026-06-20,2026-06-16T13:46:52.922251
ORD-8C040AB0,180,160,80,120,Fırat Kargo Ltd.,2026-06-21,2026-06-16T14:55:05.080244
ORD-F67980A6,160,120,80,100,Sakarya Dağıtım A.Ş.,2026-06-17,2026-06-16T15:22:22.323050
ORD-BC7C7634,180,60,100,120,Atlas Kargo ve Depo,2026-07-11,2026-06-16T16:16:43.333046
ORD-7C19A6F6,120,160,100,100,Boğaziçi Ticaret Ltd.,2026-06-17,2026-06-16T16:48:53.556829
ORD-6469A7A2,140,160,100,120,Akdeniz Ticaret A.Ş.,2026-07-02,2026-06-16T18:38:22.569810
ORD-EEF92624,80,80,100,120,Delta Tedarik Zinciri,2026-06-25,2026-06-16T19:19:30.820685
ORD-FD1E1242,160,80,80,100,Karadeniz Dağıtım,2026-06-20,2026-06-16T21:50:01.433843
ORD-8BE7A8C9,140,140,80,100,Fırat Kargo Ltd.,2026-06-22,2026-06-16T22:54:31.132372
ORD-7DC98662,80,60,100,100,Yıldız Dağıtım A.Ş.,2026-07-12,2026-06-17T09:50:18.909613
ORD-ED25100C,80,140,80,120,Marmara Tedarik A.Ş.,2026-06-18,2026-06-17T10:29:40.662177
ORD-FE72F048,80,60,100,120,Akdeniz Ticaret A.Ş.,2026-06-22,2026-06-17T10:30:52.168037
ORD-A377F785,140,60,80,120,İzmir Lojistik Merkezi,2026-06-19,2026-06-17T11:54:36.817711
ORD-821B60A0,140,100,120,120,Ege Depo Sistemleri,2026-06-25,2026-06-17T13:14:39.632984
ORD-FEB64E55,140,100,80,120,İstanbul Kargo Ltd.,2026-07-02,2026-06-17T13:56:10.302491
ORD-4116861C,200,140,80,100,İzmir Lojistik Merkezi,2026-07-14,2026-06-17T14:32:36.440919
ORD-EDF2A36E,200,120,80,100,Çelik Ambalaj A.Ş.,2026-06-29,2026-06-17T16:20:42.418259
ORD-69A78C26,200,80,100,120,Bursa Sanayi Deposu,2026-07-06,2026-06-17T20:46:52.483814
ORD-036C75B0,60,100,100,120,Karadeniz Dağıtım,2026-06-20,2026-06-17T21:11:12.939208
ORD-BB016BAD,180,140,80,100,Merkez Lojistik Ltd.,2026-07-12,2026-06-17T22:16:10.399812
ORD-574871BB,180,80,120,120,Türkiye Genel Dağıtım,2026-06-20,2026-06-18T06:16:07.743544
ORD-DA165975,120,140,80,100,Merkez Lojistik Ltd.,2026-06-22,2026-06-18T06:43:08.622255
ORD-2E0F5434,120,100,80,120,Uludağ Tedarik A.Ş.,2026-07-03,2026-06-18T06:53:47.886828
ORD-711EC4F5,80,80,80,100,Tuna Depolama Hizmetleri,2026-06-29,2026-06-18T09:22:44.417426
ORD-AD44F07B,60,80,80,120,Ege Depo Sistemleri,2026-07-17,2026-06-18T09:33:06.259214
ORD-11074785,80,100,100,100,Ege Depo Sistemleri,2026-06-25,2026-06-18T10:25:32.451777
ORD-B1B2BB60,80,120,100,100,Ege Depo Sistemleri,2026-07-16,2026-06-18T11:01:09.382986
ORD-3AE4DD94,140,140,80,100,Kartal Ticaret Merkezi,2026-07-09,2026-06-18T12:04:37.159825
ORD-BDBFE38C,140,160,120,120,Tuna Depolama Hizmetleri,2026-06-27,2026-06-18T13:42:20.358224
ORD-864C658F,160,120,100,100,Ege Depo Sistemleri,2026-07-18,2026-06-18T14:21:17.280061
ORD-D5D0B8F1,140,60,100,120,Bosphorus Logistics,2026-06-27,2026-06-18T17:55:52.091208
ORD-9F81B9CB,160,100,100,100,Güneş Lojistik,2026-07-07,2026-06-18T17:59:08.644129
ORD-A36AE9BD,120,60,100,100,Delta Tedarik Zinciri,2026-06-25,2026-06-18T18:12:52.553418
ORD-1D372231,180,140,120,120,Bursa Sanayi Deposu,2026-07-16,2026-06-18T18:28:13.243459
ORD-C0EA46AB,120,120,80,120,Tuna Depolama Hizmetleri,2026-06-19,2026-06-18T18:59:58.267946
ORD-3806C794,80,120,100,100,Boğaziçi Ticaret Ltd.,2026-07-02,2026-06-18T22:02:42.817163
ORD-11B7B696,120,160,120,120,Merkez Lojistik Ltd.,2026-07-02,2026-06-18T22:21:20.021722
ORD-C6B993CE,200,120,120,120,İzmir Lojistik Merkezi,2026-06-20,2026-06-19T07:18:38.017094
ORD-3FFD050C,120,140,80,100,Selçuk Dağıtım Ltd.,2026-07-02,2026-06-19T08:22:27.984701
ORD-D5F56C81,80,100,80,100,Bursa Sanayi Deposu,2026-06-27,2026-06-19T10:06:03.304309
ORD-13A2319D,80,120,100,120,Ankara Toptancılık,2026-06-29,2026-06-19T11:46:12.256822
ORD-2DCC276A,140,160,80,100,Bursa Sanayi Deposu,2026-06-27,2026-06-19T13:19:51.822471
ORD-1BC60D92,180,80,100,100,Fırat Kargo Ltd.,2026-07-17,2026-06-19T15:50:20.445804
ORD-E2B19EA3,80,60,80,100,Sakarya Dağıtım A.Ş.,2026-07-09,2026-06-19T16:19:46.497233
ORD-1A4DC903,180,140,100,120,Merkez Lojistik Ltd.,2026-06-25,2026-06-19T20:01:44.216481
ORD-984B7B21,60,60,80,100,Tuna Depolama Hizmetleri,2026-07-03,2026-06-19T20:26:11.013913
ORD-A2DCBA43,200,100,100,120,Anadolu Lojistik A.Ş.,2026-07-02,2026-06-19T20:45:29.389616
ORD-4D651D66,140,60,100,100,Delta Tedarik Zinciri,2026-07-02,2026-06-19T21:32:37.759813
ORD-08892581,200,60,100,100,Ankara Toptancılık,2026-07-05,2026-06-20T07:29:08.538179
ORD-8F45810A,80,80,120,120,Anadolu Lojistik A.Ş.,2026-07-11,2026-06-20T10:19:36.426504
ORD-12BEA7D9,160,100,100,100,Delta Tedarik Zinciri,2026-07-19,2026-06-20T10:51:04.460197
ORD-B90FA148,120,160,100,100,İstanbul Kargo Ltd.,2026-07-12,2026-06-20T11:04:37.134476
ORD-C342CFE9,80,120,100,120,Merkez Lojistik Ltd.,2026-07-06,2026-06-20T12:37:30.877646
ORD-E313363E,200,60,80,100,Karadeniz Dağıtım,2026-06-25,2026-06-20T12:59:39.477092
ORD-9541566D,60,60,100,120,Yıldız Dağıtım A.Ş.,2026-07-11,2026-06-20T13:58:05.484887
ORD-554F028E,140,160,120,120,Ege Depo Sistemleri,2026-06-27,2026-06-20T15:44:58.515060
ORD-524D8E62,100,80,100,120,Delta Tedarik Zinciri,2026-07-17,2026-06-20T17:36:50.292843
ORD-1635ED7E,180,100,120,120,Atlas Kargo ve Depo,2026-07-17,2026-06-20T22:22:25.031394
ORD-2CEE1E95,180,100,80,100,Bosphorus Logistics,2026-06-26,2026-06-20T22:46:37.292866
ORD-E7304E51,120,80,120,120,Kartal Ticaret Merkezi,2026-07-03,2026-06-21T07:17:31.948444
ORD-22BF03CE,180,140,120,120,Selçuk Dağıtım Ltd.,2026-06-30,2026-06-21T07:48:41.200386
ORD-CC69EFAF,200,60,80,120,Türkiye Genel Dağıtım,2026-06-30,2026-06-21T08:05:15.759461
ORD-15FB3E20,120,100,120,120,Tuna Depolama Hizmetleri,2026-06-30,2026-06-21T09:27:11.264516
ORD-5F852960,160,120,100,120,Boğaziçi Ticaret Ltd.,2026-07-06,2026-06-21T10:38:57.540546
ORD-6A4B926C,180,100,100,120,Ankara Toptancılık,2026-06-29,2026-06-21T10:48:59.510326
ORD-FAE9346D,100,60,100,100,Boğaziçi Ticaret Ltd.,2026-06-27,2026-06-21T11:13:51.202087
ORD-AAAAA883,200,100,80,100,Türkiye Genel Dağıtım,2026-06-27,2026-06-21T11:25:18.003499
ORD-5767C4A0,80,100,100,120,Boğaziçi Ticaret Ltd.,2026-07-15,2026-06-21T11:41:20.775167
ORD-4DE81244,60,160,80,100,Konya Toptancı Merkezi,2026-07-04,2026-06-21T11:56:01.649838
ORD-EB9F9B55,200,100,120,120,Delta Tedarik Zinciri,2026-07-02,2026-06-21T12:14:37.178837
ORD-DB43EFDB,80,120,80,100,Anadolu Lojistik A.Ş.,2026-07-11,2026-06-21T12:45:11.040698
ORD-B5C73059,140,100,100,120,Merkez Lojistik Ltd.,2026-07-02,2026-06-21T12:52:51.677213
ORD-F4300E52,80,100,80,120,Atlas Kargo ve Depo,2026-06-25,2026-06-21T13:07:35.234981
ORD-E85C6BD4,60,80,120,120,Fırat Kargo Ltd.,2026-07-13,2026-06-21T16:51:58.931166
ORD-422C1FA7,200,160,100,100,Yıldız Dağıtım A.Ş.,2026-07-12,2026-06-21T16:55:40.331495
ORD-AFAF8B51,200,140,100,100,Konya Toptancı Merkezi,2026-07-13,2026-06-21T19:43:47.937286
ORD-7249F0BA,80,80,100,120,Bursa Sanayi Deposu,2026-07-12,2026-06-21T21:06:51.015667
ORD-0759C52C,60,80,80,120,Selçuk Dağıtım Ltd.,2026-07-15,2026-06-22T10:49:07.887599
ORD-79E4C354,160,100,100,120,Boğaziçi Ticaret Ltd.,2026-06-28,2026-06-22T11:45:34.299102
ORD-D300DD3F,200,120,120,120,Türkiye Genel Dağıtım,2026-07-17,2026-06-22T11:58:31.503500
ORD-3BF47F58,200,120,80,100,Akdeniz Ticaret A.Ş.,2026-07-05,2026-06-22T12:16:11.207488
ORD-2EC6AB32,180,60,80,120,Sakarya Dağıtım A.Ş.,2026-06-30,2026-06-22T12:52:58.482662
ORD-CC7202E4,120,80,100,120,Karadeniz Dağıtım,2026-06-25,2026-06-22T13:09:43.582324
ORD-44525960,200,140,100,120,Sakarya Dağıtım A.Ş.,2026-07-03,2026-06-22T13:20:29.743302
ORD-4BDAB232,140,140,100,100,Anadolu Lojistik A.Ş.,2026-07-12,2026-06-22T13:38:14.242129
ORD-5DD3A641,160,160,120,120,Uludağ Tedarik A.Ş.,2026-07-05,2026-06-22T16:01:07.919641
ORD-8A43C67B,180,120,80,100,İstanbul Kargo Ltd.,2026-06-29,2026-06-22T16:38:09.327766
ORD-3D1FA2E4,180,120,120,120,Sakarya Dağıtım A.Ş.,2026-06-30,2026-06-22T20:35:09.402219
ORD-DA3EB4B6,140,80,80,100,Güneş Lojistik,2026-07-02,2026-06-23T06:40:44.414678
ORD-AAF5FE42,160,60,120,120,Kartal Ticaret Merkezi,2026-07-20,2026-06-23T06:52:22.229931
ORD-F56AFEE5,140,60,120,120,Sakarya Dağıtım A.Ş.,2026-07-22,2026-06-23T07:53:47.694391
ORD-3D9371F7,100,140,120,120,İzmir Lojistik Merkezi,2026-07-17,2026-06-23T09:49:52.171720
ORD-5F8948EE,160,160,80,120,Marmara Tedarik A.Ş.,2026-07-07,2026-06-23T10:16:07.328486
ORD-56D0AA0B,120,80,100,120,Ege Depo Sistemleri,2026-07-08,2026-06-23T10:27:11.292075
ORD-114F2FA3,140,160,100,100,Boğaziçi Ticaret Ltd.,2026-07-08,2026-06-23T10:36:31.728866
ORD-F41F2656,160,80,80,100,Sakarya Dağıtım A.Ş.,2026-07-23,2026-06-23T13:24:26.576023
ORD-1FAFBDF4,160,60,80,120,Güneş Lojistik,2026-07-03,2026-06-23T15:26:01.027417
ORD-69FB0E93,100,60,80,100,Kartal Ticaret Merkezi,2026-06-27,2026-06-23T16:45:05.529057
ORD-18F93CD5,180,60,120,120,Bursa Sanayi Deposu,2026-06-25,2026-06-23T16:49:25.029009
ORD-F6DF7651,180,160,120,120,İstanbul Kargo Ltd.,2026-07-03,2026-06-23T18:52:48.576818
ORD-20C9DE77,140,140,80,100,Akdeniz Ticaret A.Ş.,2026-07-09,2026-06-23T20:05:38.041797
ORD-3B266415,60,160,80,120,Yıldız Dağıtım A.Ş.,2026-07-07,2026-06-23T20:52:43.518152
ORD-B9D18012,180,160,80,100,Delta Tedarik Zinciri,2026-07-17,2026-06-23T21:19:39.852631
ORD-611C0871,60,60,100,120,Sakarya Dağıtım A.Ş.,2026-06-30,2026-06-24T07:08:18.884557
ORD-D54F6727,200,120,80,120,Ege Depo Sistemleri,2026-07-03,2026-06-24T08:55:08.291979
ORD-3C57B13B,80,100,120,120,Güneş Lojistik,2026-07-11,2026-06-24T08:58:23.685066
ORD-C9CCF5AF,140,80,100,100,Delta Tedarik Zinciri,2026-06-28,2026-06-24T09:16:31.521429
ORD-98A729BF,60,120,80,120,Anadolu Lojistik A.Ş.,2026-07-20,2026-06-24T09:47:54.217402
ORD-06BE237A,180,120,80,120,İzmir Lojistik Merkezi,2026-07-10,2026-06-24T10:20:48.801523
ORD-79E1D26F,200,120,80,100,İzmir Lojistik Merkezi,2026-07-23,2026-06-24T11:07:08.729987
ORD-0A92266F,140,140,100,100,Çelik Ambalaj A.Ş.,2026-07-04,2026-06-24T13:27:59.164417
ORD-9CA91005,100,60,80,120,Sakarya Dağıtım A.Ş.,2026-06-26,2026-06-24T15:39:40.452816
ORD-93DB7041,160,60,80,100,Delta Tedarik Zinciri,2026-07-16,2026-06-24T17:16:27.353854
ORD-95A9ABAD,60,100,80,120,Bosphorus Logistics,2026-06-26,2026-06-24T17:46:08.094511
ORD-4C772999,140,140,80,120,Güneş Lojistik,2026-07-02,2026-06-24T18:58:34.138094
ORD-75482DCE,60,60,80,120,Uludağ Tedarik A.Ş.,2026-07-20,2026-06-24T20:01:07.974581
ORD-76491652,80,60,80,100,Bosphorus Logistics,2026-07-05,2026-06-24T20:43:14.679068
ORD-FD1B7FC4,180,80,80,100,Fırat Kargo Ltd.,2026-07-15,2026-06-25T08:09:13.317960
ORD-3BDCA794,200,60,80,100,Güneş Lojistik,2026-07-21,2026-06-25T08:25:32.786224
ORD-2A4D654A,180,140,100,120,Uludağ Tedarik A.Ş.,2026-07-11,2026-06-25T11:23:35.581866
ORD-4E5F50CB,160,60,80,100,Fırat Kargo Ltd.,2026-07-08,2026-06-25T12:27:52.222142
ORD-5EFC8953,120,160,120,120,Marmara Tedarik A.Ş.,2026-07-15,2026-06-25T13:52:52.261199
ORD-38CEA8DD,140,60,100,120,Merkez Lojistik Ltd.,2026-06-30,2026-06-25T14:46:51.586187
ORD-2D07E0E9,140,120,100,100,Uludağ Tedarik A.Ş.,2026-07-13,2026-06-25T17:04:50.742057
ORD-E760FEE4,200,120,120,120,Boğaziçi Ticaret Ltd.,2026-07-23,2026-06-25T19:04:38.308230
ORD-44AC04AD,200,60,80,100,İstanbul Kargo Ltd.,2026-06-26,2026-06-25T20:02:22.503534
ORD-C7F61256,140,60,80,120,Yıldız Dağıtım A.Ş.,2026-07-22,2026-06-26T06:58:29.298179
ORD-5E0390A5,60,100,80,100,Selçuk Dağıtım Ltd.,2026-06-29,2026-06-26T10:53:06.623534
ORD-2D7B1CFB,180,100,80,100,Marmara Tedarik A.Ş.,2026-06-27,2026-06-26T11:29:37.940171
ORD-88851848,200,120,120,120,Yıldız Dağıtım A.Ş.,2026-07-12,2026-06-26T13:48:21.813274
ORD-EF996FC7,140,140,100,100,Fırat Kargo Ltd.,2026-06-28,2026-06-26T15:21:01.427123
ORD-7FAC5031,160,140,80,120,Atlas Kargo ve Depo,2026-07-04,2026-06-26T20:49:40.691354
ORD-132928A6,140,160,100,100,Yıldız Dağıtım A.Ş.,2026-07-18,2026-06-26T21:13:10.002800
ORD-C00415E2,80,100,100,100,Karadeniz Dağıtım,2026-07-16,2026-06-26T21:45:01.452275
ORD-82395541,60,120,80,100,Akdeniz Ticaret A.Ş.,2026-07-17,2026-06-26T22:49:25.214528
ORD-85FAEFFA,200,80,100,100,Boğaziçi Ticaret Ltd.,2026-07-26,2026-06-26T22:57:14.183305
ORD-14FF1B83,100,140,100,120,Atlas Kargo ve Depo,2026-07-11,2026-06-27T09:49:40.604570
ORD-F3B0384E,160,120,120,120,Merkez Lojistik Ltd.,2026-07-20,2026-06-27T09:58:27.070997
ORD-31AD1E75,100,160,120,120,Yıldız Dağıtım A.Ş.,2026-07-27,2026-06-27T12:31:47.209365
ORD-20CBD39B,140,100,100,120,Sakarya Dağıtım A.Ş.,2026-06-29,2026-06-27T13:36:56.927340
ORD-3A31D5C9,60,140,100,100,Güneş Lojistik,2026-07-24,2026-06-27T14:01:11.286544
ORD-0CA3BD0E,60,120,100,120,Güneş Lojistik,2026-07-03,2026-06-27T15:56:02.009717
ORD-48CA421F,80,80,100,100,Merkez Lojistik Ltd.,2026-07-09,2026-06-27T16:17:09.989098
ORD-BC66A821,120,80,100,100,Karadeniz Dağıtım,2026-07-08,2026-06-27T18:37:40.800298
ORD-6A27F5BA,180,100,100,100,Selçuk Dağıtım Ltd.,2026-07-20,2026-06-27T21:55:34.037642
ORD-6F1998D4,140,80,80,100,Karadeniz Dağıtım,2026-07-22,2026-06-27T22:06:31.635944
ORD-2C554886,200,120,80,120,Bursa Sanayi Deposu,2026-07-13,2026-06-28T08:54:31.468784
ORD-D488AFEE,200,80,120,120,Yıldız Dağıtım A.Ş.,2026-07-16,2026-06-28T12:28:27.180496
ORD-9AF5B344,120,160,120,120,Karadeniz Dağıtım,2026-07-22,2026-06-28T12:44:04.078794
ORD-DBEA5A45,200,80,80,120,Anadolu Lojistik A.Ş.,2026-07-14,2026-06-28T13:37:27.697962
ORD-A27A846E,100,80,120,120,Delta Tedarik Zinciri,2026-07-27,2026-06-28T15:53:15.548501
ORD-26F6FAD4,80,120,80,120,Fırat Kargo Ltd.,2026-07-11,2026-06-28T16:54:17.544932
ORD-BA54AF43,160,80,100,120,Ankara Toptancılık,2026-07-07,2026-06-28T16:56:45.128115
ORD-C8F50429,60,160,80,120,Fırat Kargo Ltd.,2026-06-30,2026-06-28T19:13:15.430108
ORD-133483B4,200,80,100,100,Boğaziçi Ticaret Ltd.,2026-07-28,2026-06-28T21:21:15.002871
ORD-D7D97720,80,120,80,120,Delta Tedarik Zinciri,2026-07-02,2026-06-29T07:09:09.850544
ORD-C24209B6,140,100,80,120,Bosphorus Logistics,2026-07-11,2026-06-29T09:21:29.595772
ORD-3F0BD702,100,100,120,120,Kartal Ticaret Merkezi,2026-07-19,2026-06-29T09:48:04.693193
ORD-94C4A99A,60,100,100,100,Akdeniz Ticaret A.Ş.,2026-07-02,2026-06-29T10:32:04.892805
ORD-3B57D3E7,100,80,80,100,Atlas Kargo ve Depo,2026-07-16,2026-06-29T15:31:49.078701
ORD-3212BFCF,80,140,120,120,Selçuk Dağıtım Ltd.,2026-07-09,2026-06-29T15:54:10.746385
ORD-4F5D85B6,100,100,100,120,Karadeniz Dağıtım,2026-07-23,2026-06-29T16:29:45.900374
ORD-7BFA6BCA,180,100,80,100,Uludağ Tedarik A.Ş.,2026-07-20,2026-06-29T20:23:00.125829
ORD-AB1DA5FF,120,80,80,120,Atlas Kargo ve Depo,2026-07-28,2026-06-29T21:17:02.969051
ORD-E40545C2,60,80,120,120,Merkez Lojistik Ltd.,2026-07-03,2026-06-30T07:22:04.996050
ORD-7F3E4A4F,140,100,100,100,Uludağ Tedarik A.Ş.,2026-07-13,2026-06-30T07:39:17.379264
ORD-3E24B479,200,160,100,100,Konya Toptancı Merkezi,2026-07-27,2026-06-30T11:02:53.613650
ORD-7B41EA2D,180,80,120,120,Çelik Ambalaj A.Ş.,2026-07-18,2026-06-30T12:24:23.187700
ORD-9BB2D1D1,160,60,80,120,Çelik Ambalaj A.Ş.,2026-07-09,2026-06-30T12:41:39.773276
ORD-C20B8D86,100,60,100,100,Bosphorus Logistics,2026-07-06,2026-06-30T13:51:08.252164
ORD-F847FB29,180,140,100,100,Bosphorus Logistics,2026-07-21,2026-06-30T15:58:22.505048
ORD-A341375A,100,140,100,100,Sakarya Dağıtım A.Ş.,2026-07-12,2026-06-30T16:27:10.005066
ORD-864DF921,160,100,100,120,Tuna Depolama Hizmetleri,2026-07-23,2026-06-30T18:08:38.743266
ORD-FE5A6E74,140,160,100,100,Bursa Sanayi Deposu,2026-07-14,2026-06-30T18:23:14.145051
ORD-B450D962,80,160,80,120,Bosphorus Logistics,2026-07-07,2026-06-30T18:26:29.357455
ORD-C4C46EA6,100,140,100,100,Delta Tedarik Zinciri,2026-07-30,2026-06-30T22:49:42.550957
ORD-42F6949E,140,160,80,100,Sakarya Dağıtım A.Ş.,2026-07-17,2026-07-01T06:07:25.619433
ORD-C6D3B085,200,160,100,100,Kartal Ticaret Merkezi,2026-07-02,2026-07-01T06:34:35.431319
ORD-710C4482,200,140,100,100,Çelik Ambalaj A.Ş.,2026-07-05,2026-07-01T09:17:49.569488
ORD-145402C6,120,80,120,120,Akdeniz Ticaret A.Ş.,2026-07-02,2026-07-01T09:35:22.070846
ORD-BCCD94BA,120,80,100,120,Marmara Tedarik A.Ş.,2026-07-17,2026-07-01T09:50:26.988864
ORD-ACE0FBE0,60,80,100,120,Bursa Sanayi Deposu,2026-07-06,2026-07-01T10:44:30.799316
ORD-B440ADF9,140,160,80,100,Fırat Kargo Ltd.,2026-07-21,2026-07-01T12:52:28.231356
ORD-14DE3BAB,60,140,100,100,Anadolu Lojistik A.Ş.,2026-07-14,2026-07-01T12:58:02.578388
ORD-D2D241E5,120,140,100,120,Boğaziçi Ticaret Ltd.,2026-07-17,2026-07-01T14:58:12.755797
ORD-B089B433,200,140,100,120,Yıldız Dağıtım A.Ş.,2026-07-23,2026-07-01T16:16:48.861501
ORD-2D8FC115,80,100,100,120,Akdeniz Ticaret A.Ş.,2026-07-13,2026-07-01T17:05:04.187890
ORD-F8060E9D,200,80,100,120,İstanbul Kargo Ltd.,2026-07-08,2026-07-01T17:06:55.716367
ORD-BE6EFA9A,60,120,80,100,Karadeniz Dağıtım,2026-07-13,2026-07-01T17:24:01.514806
ORD-BEB15DF9,60,140,120,120,Anadolu Lojistik A.Ş.,2026-07-08,2026-07-01T18:27:20.808746
ORD-14793327,120,160,120,120,Karadeniz Dağıtım,2026-07-15,2026-07-01T19:36:50.358823
ORD-77199406,120,140,80,100,Ege Depo Sistemleri,2026-07-21,2026-07-01T20:00:16.791213
ORD-9BEA4A0F,80,120,80,100,Türkiye Genel Dağıtım,2026-07-31,2026-07-01T20:04:57.084714
ORD-DAC02304,180,60,80,100,Sakarya Dağıtım A.Ş.,2026-07-03,2026-07-01T20:22:45.588098
ORD-BB253FC3,160,140,80,120,Delta Tedarik Zinciri,2026-07-13,2026-07-01T20:51:35.136074
ORD-8041AB64,140,140,100,120,Türkiye Genel Dağıtım,2026-07-17,2026-07-01T22:27:06.714248
ORD-2FE58328,140,160,100,120,Ankara Toptancılık,2026-07-30,2026-07-01T22:58:08.450955
ORD-2099511F,100,120,120,120,İstanbul Kargo Ltd.,2026-07-14,2026-07-02T07:05:49.313833
ORD-7B7F0ABE,140,140,100,120,Delta Tedarik Zinciri,2026-07-15,2026-07-02T07:06:03.670699
ORD-B0B633D0,120,160,120,120,Atlas Kargo ve Depo,2026-07-13,2026-07-02T16:15:19.918823
ORD-4E8A26E9,200,140,100,120,Akdeniz Ticaret A.Ş.,2026-07-05,2026-07-02T18:23:32.011106
ORD-B5CECF51,140,140,120,120,Yıldız Dağıtım A.Ş.,2026-07-08,2026-07-02T18:39:44.079623
ORD-9AE1EF3A,160,140,80,120,Akdeniz Ticaret A.Ş.,2026-07-03,2026-07-02T19:10:23.892603
ORD-8A5288B3,140,120,80,120,Anadolu Lojistik A.Ş.,2026-07-26,2026-07-02T19:34:24.863355
ORD-CFF256A6,200,60,120,120,Atlas Kargo ve Depo,2026-07-25,2026-07-02T19:35:04.042079
ORD-6837B704,140,160,100,120,Türkiye Genel Dağıtım,2026-07-14,2026-07-02T21:35:33.360455
ORD-2E569D98,200,160,100,100,Atlas Kargo ve Depo,2026-07-12,2026-07-02T21:52:01.386251
ORD-41D3FA65,200,140,120,120,Bosphorus Logistics,2026-07-25,2026-07-02T22:53:35.466885
ORD-0DD5BE9F,180,120,80,120,Atlas Kargo ve Depo,2026-07-25,2026-07-03T07:04:12.865125
ORD-2BEDEC3C,200,60,100,100,Sakarya Dağıtım A.Ş.,2026-07-11,2026-07-03T09:29:08.840346
ORD-1204C5B1,60,80,80,120,Uludağ Tedarik A.Ş.,2026-07-24,2026-07-03T11:21:22.937980
ORD-ED8BCE74,180,100,80,120,Delta Tedarik Zinciri,2026-07-25,2026-07-03T18:46:10.881334
ORD-E7108208,200,140,100,120,Karadeniz Dağıtım,2026-07-14,2026-07-03T19:12:47.709731
ORD-F104AF6B,120,60,100,100,Karadeniz Dağıtım,2026-07-29,2026-07-04T15:54:43.629577
ORD-4D8A9995,100,160,100,100,Çelik Ambalaj A.Ş.,2026-07-30,2026-07-04T15:58:39.618836
ORD-4DE0F3DC,100,80,100,120,Konya Toptancı Merkezi,2026-07-15,2026-07-04T17:58:37.029576
ORD-D04D0777,120,120,100,100,Uludağ Tedarik A.Ş.,2026-07-27,2026-07-04T18:30:16.152200
ORD-F39B9DB0,200,140,80,100,Bosphorus Logistics,2026-07-06,2026-07-04T18:52:51.658629
ORD-5FB0608D,140,140,100,100,Kartal Ticaret Merkezi,2026-07-11,2026-07-04T20:21:23.865401
ORD-ACF59735,100,140,100,120,Fırat Kargo Ltd.,2026-07-31,2026-07-04T21:00:20.436525
ORD-74BDB07C,100,100,80,100,Sakarya Dağıtım A.Ş.,2026-07-20,2026-07-05T06:55:40.074132
ORD-1F1A65EC,60,80,120,120,İstanbul Kargo Ltd.,2026-07-24,2026-07-05T07:07:21.363629
ORD-57117D45,80,120,100,120,Yıldız Dağıtım A.Ş.,2026-07-31,2026-07-05T09:20:35.680999
ORD-F4195E75,140,60,120,120,İstanbul Kargo Ltd.,2026-07-11,2026-07-05T10:10:26.124193
ORD-AD0DA36F,200,140,120,120,Ege Depo Sistemleri,2026-07-08,2026-07-05T11:12:32.480233
ORD-58747E1F,100,80,80,100,Fırat Kargo Ltd.,2026-07-15,2026-07-05T12:35:05.459550
ORD-77DD11D2,140,140,100,100,İstanbul Kargo Ltd.,2026-07-24,2026-07-05T12:37:00.551567
ORD-4FC8A8E1,80,60,120,120,Marmara Tedarik A.Ş.,2026-07-10,2026-07-05T14:18:38.220861
ORD-0E6C7FBC,140,60,100,120,Yıldız Dağıtım A.Ş.,2026-07-16,2026-07-05T18:43:59.808878
ORD-53F49E2A,200,60,80,100,Güneş Lojistik,2026-07-07,2026-07-05T22:23:01.593194
ORD-676654E4,120,140,100,120,İstanbul Kargo Ltd.,2026-07-22,2026-07-05T22:51:12.886993
ORD-B37C20DF,180,100,100,120,Marmara Tedarik A.Ş.,2026-07-27,2026-07-06T08:37:37.271393
ORD-CFDD67D2,140,160,100,120,Konya Toptancı Merkezi,2026-07-27,2026-07-06T08:38:40.179451
ORD-7826C8F2,60,140,120,120,Tuna Depolama Hizmetleri,2026-07-11,2026-07-06T09:02:00.600538
ORD-1C650F47,180,80,100,120,Delta Tedarik Zinciri,2026-07-22,2026-07-06T09:09:34.806048
ORD-C07E458F,200,120,80,120,Tuna Depolama Hizmetleri,2026-07-13,2026-07-06T10:14:32.136113
ORD-7B2B5B60,80,160,100,120,Kartal Ticaret Merkezi,2026-07-25,2026-07-06T10:20:42.863506
ORD-D6B420B9,60,80,100,100,Uludağ Tedarik A.Ş.,2026-07-17,2026-07-06T13:40:36.109167
ORD-42CBE7FC,80,140,80,120,Selçuk Dağıtım Ltd.,2026-07-14,2026-07-06T14:00:27.730206
ORD-F2F416B5,80,120,100,100,Kartal Ticaret Merkezi,2026-07-13,2026-07-06T14:02:45.457239
ORD-520F8A6D,60,100,80,100,Uludağ Tedarik A.Ş.,2026-07-16,2026-07-06T17:06:36.532060
ORD-CA33037D,180,160,80,100,Karadeniz Dağıtım,2026-07-13,2026-07-06T18:31:25.255836
ORD-D699EC7B,100,140,100,120,Kartal Ticaret Merkezi,2026-07-21,2026-07-06T20:42:28.156219
ORD-3F5E2E90,180,140,100,120,Anadolu Lojistik A.Ş.,2026-07-29,2026-07-06T21:48:25.564271
ORD-C6C64223,200,140,80,120,Sakarya Dağıtım A.Ş.,2026-07-30,2026-07-06T22:16:19.893884
ORD-0C6CE5E6,60,160,100,120,Ege Depo Sistemleri,2026-07-20,2026-07-07T07:19:33.043182
ORD-221BC1CC,80,60,100,120,Boğaziçi Ticaret Ltd.,2026-07-24,2026-07-07T07:30:07.952662
ORD-99DB94DB,80,120,100,100,Tuna Depolama Hizmetleri,2026-07-12,2026-07-07T08:52:51.964363
ORD-28B39190,140,80,100,120,Ankara Toptancılık,2026-07-08,2026-07-07T09:59:13.965190
ORD-C2BD61F4,180,100,80,120,Çelik Ambalaj A.Ş.,2026-07-20,2026-07-07T11:22:48.391816
ORD-07B7A4A5,200,100,100,100,Boğaziçi Ticaret Ltd.,2026-07-12,2026-07-07T12:55:03.840494
ORD-303751E8,120,80,80,100,İstanbul Kargo Ltd.,2026-07-08,2026-07-07T15:17:35.392482
ORD-E6FF5804,120,160,80,100,Kartal Ticaret Merkezi,2026-07-30,2026-07-07T17:48:37.573167
ORD-8C75440D,140,120,120,120,Marmara Tedarik A.Ş.,2026-07-08,2026-07-07T21:48:30.314164
ORD-A0ABC611,80,80,80,100,Ankara Toptancılık,2026-07-15,2026-07-07T22:43:28.009738
ORD-0ECC1122,120,120,100,100,Sakarya Dağıtım A.Ş.,2026-07-20,2026-07-08T06:21:54.408187
ORD-0BB50EA0,60,120,100,100,Anadolu Lojistik A.Ş.,2026-07-12,2026-07-08T13:48:40.036904
ORD-FF378A59,100,140,80,100,Atlas Kargo ve Depo,2026-07-27,2026-07-08T16:55:00.639206
ORD-2A85F8C8,200,60,80,100,Anadolu Lojistik A.Ş.,2026-07-21,2026-07-08T17:16:47.017031
ORD-99F5AC73,180,80,80,100,Merkez Lojistik Ltd.,2026-07-27,2026-07-08T18:05:49.648665
ORD-B49C23EB,100,160,80,100,Çelik Ambalaj A.Ş.,2026-07-12,2026-07-08T18:44:02.251338
ORD-683197E1,100,60,100,100,Ege Depo Sistemleri,2026-07-28,2026-07-08T21:01:11.208665
ORD-64A574A4,160,100,100,120,Merkez Lojistik Ltd.,2026-07-26,2026-07-08T22:19:40.461419
ORD-C497A3AC,100,100,120,120,Atlas Kargo ve Depo,2026-07-10,2026-07-09T06:53:04.012542
ORD-53CEC1EB,80,60,80,100,Türkiye Genel Dağıtım,2026-07-18,2026-07-09T09:02:54.786363
ORD-4A977E3C,160,160,80,120,Ankara Toptancılık,2026-07-13,2026-07-09T10:24:27.712449
ORD-05636A22,120,120,80,100,Kartal Ticaret Merkezi,2026-07-14,2026-07-09T13:29:40.266314
ORD-9A3245A8,200,80,80,120,Atlas Kargo ve Depo,2026-07-24,2026-07-09T15:52:07.567551
ORD-CF1C22D5,200,120,100,120,Boğaziçi Ticaret Ltd.,2026-07-25,2026-07-09T16:19:32.796925
ORD-06430568,100,160,100,120,Türkiye Genel Dağıtım,2026-07-22,2026-07-09T18:14:16.083057
ORD-062403CA,200,140,120,120,İzmir Lojistik Merkezi,2026-07-21,2026-07-10T09:14:14.018950
ORD-DCD840F6,80,160,100,100,Bursa Sanayi Deposu,2026-07-14,2026-07-10T16:17:04.593943
ORD-D0EF08F1,120,120,80,120,Akdeniz Ticaret A.Ş.,2026-07-29,2026-07-10T18:40:20.746348
ORD-245F9E2C,140,120,80,120,Boğaziçi Ticaret Ltd.,2026-07-24,2026-07-10T21:38:28.434303
ORD-F3043DA1,180,100,80,120,Çelik Ambalaj A.Ş.,2026-07-24,2026-07-11T06:44:38.314798
ORD-F68B78FE,180,60,80,120,Sakarya Dağıtım A.Ş.,2026-07-18,2026-07-11T06:45:27.736720
ORD-F7E06745,60,100,100,100,Yıldız Dağıtım A.Ş.,2026-07-23,2026-07-11T13:03:42.123967
ORD-DD021886,100,120,120,120,Güneş Lojistik,2026-07-29,2026-07-11T13:45:18.124811
ORD-B8C2E08A,160,60,80,120,Sakarya Dağıtım A.Ş.,2026-07-24,2026-07-11T15:06:13.555550
ORD-A100F138,160,160,80,100,Türkiye Genel Dağıtım,2026-07-29,2026-07-11T19:37:47.761894
ORD-42D9DF73,200,120,100,100,Türkiye Genel Dağıtım,2026-07-27,2026-07-11T19:45:53.465412
ORD-C3520B8B,160,140,80,100,Delta Tedarik Zinciri,2026-07-15,2026-07-11T20:32:14.991340
ORD-F46CDADB,80,160,100,100,Tuna Depolama Hizmetleri,2026-07-25,2026-07-11T22:23:01.380211
ORD-09C4D8D3,100,60,80,100,Bursa Sanayi Deposu,2026-07-29,2026-07-11T22:23:26.778592
ORD-37D7016F,140,140,100,100,Bursa Sanayi Deposu,2026-07-27,2026-07-12T09:27:09.667101
ORD-DAA19925,180,140,100,120,Ankara Toptancılık,2026-07-27,2026-07-12T12:05:57.105345
ORD-283B9FBC,180,100,80,100,Konya Toptancı Merkezi,2026-07-22,2026-07-12T12:25:09.493074
ORD-7D5FF746,100,80,80,100,Atlas Kargo ve Depo,2026-07-17,2026-07-12T14:03:41.503935
ORD-C85CB9BF,80,140,80,100,Selçuk Dağıtım Ltd.,2026-07-22,2026-07-12T15:16:10.089171
ORD-F13F6826,120,160,100,120,Konya Toptancı Merkezi,2026-07-13,2026-07-12T17:52:23.016977
ORD-C8B9A5AF,180,100,120,120,Karadeniz Dağıtım,2026-07-25,2026-07-12T18:37:12.542892
ORD-F8195E27,60,160,80,120,Karadeniz Dağıtım,2026-07-26,2026-07-12T22:30:55.404032
ORD-901C447C,120,80,120,120,Anadolu Lojistik A.Ş.,2026-07-28,2026-07-13T06:41:02.915953
ORD-A2C29D43,140,80,100,100,Ankara Toptancılık,2026-07-14,2026-07-13T14:23:46.533296
ORD-EC31A1E7,160,100,120,120,Bursa Sanayi Deposu,2026-07-28,2026-07-13T16:50:28.733543
ORD-596B3622,180,100,80,100,İzmir Lojistik Merkezi,2026-07-15,2026-07-13T21:34:23.733602
ORD-8F43DD91,160,120,100,100,Merkez Lojistik Ltd.,2026-07-15,2026-07-13T21:55:59.024393
ORD-34D88DC8,140,140,100,100,Yıldız Dağıtım A.Ş.,2026-07-24,2026-07-14T09:57:25.788845
ORD-3B820302,140,60,100,120,İzmir Lojistik Merkezi,2026-07-22,2026-07-14T12:34:07.001467
ORD-F54108D5,160,80,120,120,Fırat Kargo Ltd.,2026-07-23,2026-07-14T12:37:24.091468
ORD-B8119E55,120,60,100,120,Boğaziçi Ticaret Ltd.,2026-07-15,2026-07-14T13:26:47.789125
ORD-C2CEDB66,200,160,120,120,Karadeniz Dağıtım,2026-07-15,2026-07-14T13:56:38.186814
ORD-A0BF895E,160,160,80,100,Türkiye Genel Dağıtım,2026-07-16,2026-07-14T16:04:21.099096
ORD-A960E693,160,140,120,120,Güneş Lojistik,2026-07-30,2026-07-14T17:44:03.682524
ORD-F003D313,160,100,100,100,Yıldız Dağıtım A.Ş.,2026-07-30,2026-07-15T10:54:32.110793
ORD-E5A6AF18,200,100,80,120,Selçuk Dağıtım Ltd.,2026-07-22,2026-07-15T11:35:02.402824
ORD-2449E5A7,100,100,80,100,Anadolu Lojistik A.Ş.,2026-07-28,2026-07-15T12:45:24.742866
ORD-DA1BBD01,200,140,80,120,Güneş Lojistik,2026-07-17,2026-07-15T15:42:47.690017
ORD-EBDB55DE,180,120,100,120,Kartal Ticaret Merkezi,2026-07-22,2026-07-15T20:44:22.930794
ORD-C2ABB493,140,100,100,120,İzmir Lojistik Merkezi,2026-07-30,2026-07-15T22:33:36.926503
ORD-94930082,140,80,120,120,Ege Depo Sistemleri,2026-07-31,2026-07-16T06:14:05.158003
ORD-FDAA460C,200,80,80,120,Uludağ Tedarik A.Ş.,2026-07-22,2026-07-16T06:14:16.637894
ORD-5FED4A82,80,140,100,100,Akdeniz Ticaret A.Ş.,2026-07-22,2026-07-16T10:10:42.654813
ORD-D5B0E515,160,60,80,100,Konya Toptancı Merkezi,2026-07-24,2026-07-16T13:15:41.327260
ORD-22A465D1,140,100,80,100,Ankara Toptancılık,2026-07-22,2026-07-16T14:43:38.247600
ORD-D4E63BC9,60,120,100,100,Ege Depo Sistemleri,2026-07-23,2026-07-16T16:26:23.111760
ORD-DC6D7FCD,160,160,100,120,Çelik Ambalaj A.Ş.,2026-07-30,2026-07-16T16:58:48.594090
ORD-02B38B37,200,100,80,120,Akdeniz Ticaret A.Ş.,2026-07-25,2026-07-16T18:24:44.838708
ORD-AE5263E6,120,140,100,120,Marmara Tedarik A.Ş.,2026-07-25,2026-07-16T19:43:36.744669
ORD-91034B65,80,140,80,120,Atlas Kargo ve Depo,2026-07-25,2026-07-16T22:00:19.923150
ORD-B151CB58,80,160,80,100,İzmir Lojistik Merkezi,2026-07-28,2026-07-17T07:27:06.977658
ORD-68A5B409,120,140,100,100,Boğaziçi Ticaret Ltd.,2026-07-21,2026-07-17T09:05:54.634059
ORD-65D24838,140,120,100,100,Kartal Ticaret Merkezi,2026-07-19,2026-07-17T09:37:30.982439
ORD-5AD590E5,80,60,100,100,Boğaziçi Ticaret Ltd.,2026-07-18,2026-07-17T12:50:10.940631
ORD-32219117,140,100,80,120,Marmara Tedarik A.Ş.,2026-07-28,2026-07-17T13:45:30.456481
ORD-A5B90255,200,60,80,100,Tuna Depolama Hizmetleri,2026-07-22,2026-07-17T21:09:40.482992
ORD-93A431FC,200,80,80,120,Sakarya Dağıtım A.Ş.,2026-07-28,2026-07-18T06:02:20.834816
ORD-D29E02A7,120,160,80,120,Kartal Ticaret Merkezi,2026-07-23,2026-07-18T06:11:40.052384
ORD-5BECCDCA,200,140,80,120,Kartal Ticaret Merkezi,2026-07-30,2026-07-18T08:58:36.117659
ORD-FE2BB817,160,60,100,120,Akdeniz Ticaret A.Ş.,2026-07-25,2026-07-18T09:15:40.455251
ORD-D4DC802A,100,100,120,120,Ankara Toptancılık,2026-07-27,2026-07-18T10:53:03.724141
ORD-043533E5,100,100,80,100,Kartal Ticaret Merkezi,2026-07-31,2026-07-18T19:53:43.684196
ORD-8EA827AD,180,140,120,120,Çelik Ambalaj A.Ş.,2026-07-20,2026-07-18T22:12:23.484952
ORD-AD92E9E8,80,120,80,120,Uludağ Tedarik A.Ş.,2026-07-24,2026-07-19T06:57:49.711521
ORD-B838DAFA,180,80,100,120,Bursa Sanayi Deposu,2026-07-26,2026-07-19T14:30:09.508042
ORD-093B49D6,100,160,100,100,İstanbul Kargo Ltd.,2026-07-25,2026-07-19T17:56:59.114705
ORD-1B3DC472,120,100,100,100,Ankara Toptancılık,2026-07-26,2026-07-19T19:11:26.830958
ORD-CC926EC5,100,100,80,100,Atlas Kargo ve Depo,2026-07-31,2026-07-19T22:44:30.750413
ORD-50D5F4FF,160,140,80,100,Karadeniz Dağıtım,2026-07-26,2026-07-20T06:09:54.637086
ORD-E367B44F,60,140,80,100,Ege Depo Sistemleri,2026-07-27,2026-07-20T18:23:39.830558
ORD-C5373A73,80,80,80,100,İstanbul Kargo Ltd.,2026-07-25,2026-07-20T22:09:55.797460
ORD-34971148,120,120,120,120,Delta Tedarik Zinciri,2026-07-31,2026-07-21T17:49:35.306900
ORD-DD71E43A,60,160,80,120,Merkez Lojistik Ltd.,2026-07-29,2026-07-21T21:02:02.229639
ORD-5000A0C0,80,60,100,120,Selçuk Dağıtım Ltd.,2026-07-28,2026-07-21T21:51:06.460302
ORD-4B999D10,120,60,100,120,Fırat Kargo Ltd.,2026-07-25,2026-07-21T21:59:43.499555
ORD-01ACD618,80,160,80,100,Sakarya Dağıtım A.Ş.,2026-07-27,2026-07-22T06:29:45.347828
ORD-2DA3A287,120,60,80,120,Selçuk Dağıtım Ltd.,2026-07-31,2026-07-22T14:01:43.885974
ORD-986DB649,80,60,80,120,Ege Depo Sistemleri,2026-07-23,2026-07-22T19:06:31.786372
ORD-B439A5EC,180,120,100,120,Konya Toptancı Merkezi,2026-07-31,2026-07-22T20:34:21.153448
ORD-4C115B9D,60,160,80,100,Karadeniz Dağıtım,2026-07-26,2026-07-23T16:37:49.960845
ORD-1BC6AC99,60,60,80,120,Boğaziçi Ticaret Ltd.,2026-07-28,2026-07-24T19:28:24.129598
ORD-498C12A9,200,80,80,120,Ege Depo Sistemleri,2026-07-30,2026-07-25T11:47:52.905786
ORD-52299B69,180,60,80,100,Akdeniz Ticaret A.Ş.,2026-07-29,2026-07-25T12:27:28.931230
ORD-4E8A7759,60,100,100,100,Tuna Depolama Hizmetleri,2026-07-29,2026-07-25T17:55:57.008281
ORD-61998A8F,200,100,100,120,Çelik Ambalaj A.Ş.,2026-07-28,2026-07-25T19:43:31.145939
ORD-E56E1241,160,120,100,100,Güneş Lojistik,2026-07-28,2026-07-27T07:41:41.192664
ORD-1C623352,60,100,80,120,Selçuk Dağıtım Ltd.,2026-07-28,2026-07-27T16:13:29.595034
ORD-4861CA25,120,120,80,120,Ankara Toptancılık,2026-07-29,2026-07-27T22:41:42.751210
ORD-91E37E1C,180,100,120,120,Boğaziçi Ticaret Ltd.,2026-07-30,2026-07-28T14:33:02.769969
ORD-FF7EF783,80,120,80,120,İstanbul Kargo Ltd.,2026-07-31,2026-07-30T11:59:59.342360
